﻿<?xml version="1.0" encoding="utf-8"?>
<tp:taxonomyPackage xml:lang="en" xmlns:tp="http://xbrl.org/2016/taxonomy-package" xmlns:xsi="http://www.w3.org/2001/XMLSchema-instance" xsi:schemaLocation="http://xbrl.org/2016/taxonomy-package http://www.xbrl.org/2016/taxonomy-package.xsd">
  <tp:identifier>http://abvilkyskiupienine.com/xbrl/2023/20231231 (30F315D1)</tp:identifier>
  <tp:name>2023-12-31_ABVILKYKIPIENIN_report</tp:name>
  <tp:description>XBRL Taxonomy prepared for the European Standard Electronic Format</tp:description>
  <tp:version>2023-12-31</tp:version>
  <tp:publisher>AB "VILKYŠKIŲ PIENINĖ"</tp:publisher>
  <tp:publisherURL>http://abvilkyskiupienine.com/xbrl/2023</tp:publisherURL>
  <tp:publisherCountry>LT</tp:publisherCountry>
  <tp:publicationDate>2024-03-26</tp:publicationDate>
  <tp:entryPoints>
    <tp:entryPoint>
      <tp:name>AB "VILKYŠKIŲ PIENINĖ" XBRL Taxonomy for 2023-12-31</tp:name>
      <tp:description>AB "VILKYŠKIŲ PIENINĖ" XBRL report for 2023-12-31</tp:description>
      <tp:entryPointDocument href="http://abvilkyskiupienine.com/xbrl/2023/abvilkyskiupienine-2023-12-31.xsd" />
      <tp:entryPointDocument href="https://www.esma.europa.eu/taxonomy/2022-03-24/esef_cor-lab-en.xml" />
      <tp:entryPointDocument href="https://www.esma.europa.eu/taxonomy/2022-03-24/esef_cor-gen-en.xml" />
      <tp:languages>
        <tp:language>en</tp:language>
      </tp:languages>
    </tp:entryPoint>
  </tp:entryPoints>
</tp:taxonomyPackage>