﻿<?xml version="1.0" encoding="utf-8"?>
<linkbase xsi:schemaLocation="http://www.xbrl.org/2003/linkbase http://www.xbrl.org/2003/xbrl-linkbase-2003-12-31.xsd" xmlns:xsi="http://www.w3.org/2001/XMLSchema-instance" xmlns="http://www.xbrl.org/2003/linkbase">
  <labelLink xlink:role="http://www.xbrl.org/2003/role/link" xlink:type="extended" xmlns:xlink="http://www.w3.org/1999/xlink">
    <loc xlink:type="locator" xlink:href="ablinasagrogroup-2023-06-30.xsd#ablinasagrogroup_NetInvestmentRelatedWithSublease" xlink:label="ablinasagrogroup_NetInvestmentRelatedWithSublease" />
    <loc xlink:type="locator" xlink:href="ablinasagrogroup-2023-06-30.xsd#ablinasagrogroup_Crops" xlink:label="ablinasagrogroup_Crops" />
    <loc xlink:type="locator" xlink:href="ablinasagrogroup-2023-06-30.xsd#ablinasagrogroup_Poultry" xlink:label="ablinasagrogroup_Poultry" />
    <loc xlink:type="locator" xlink:href="ablinasagrogroup-2023-06-30.xsd#ablinasagrogroup_OtherAccountsReceivableAndContractAssets" xlink:label="ablinasagrogroup_OtherAccountsReceivableAndContractAssets" />
    <loc xlink:type="locator" xlink:href="ablinasagrogroup-2023-06-30.xsd#ablinasagrogroup_ShortTermNetInvestmentRelatedWithSublease" xlink:label="ablinasagrogroup_ShortTermNetInvestmentRelatedWithSublease" />
    <loc xlink:type="locator" xlink:href="ablinasagrogroup-2023-06-30.xsd#ablinasagrogroup_ReclassifiedCurrentPrepaymentsPart" xlink:label="ablinasagrogroup_ReclassifiedCurrentPrepaymentsPart" />
    <loc xlink:type="locator" xlink:href="ablinasagrogroup-2023-06-30.xsd#ablinasagrogroup_ForeignCurrencyTranslationReserve" xlink:label="ablinasagrogroup_ForeignCurrencyTranslationReserve" />
    <loc xlink:type="locator" xlink:href="ablinasagrogroup-2023-06-30.xsd#ablinasagrogroup_ReclassifiedOtherCurrentLiabilitiesToContractLiabilitiies" xlink:label="ablinasagrogroup_ReclassifiedOtherCurrentLiabilitiesToContractLiabilitiies" />
    <loc xlink:type="locator" xlink:href="ablinasagrogroup-2023-06-30.xsd#ablinasagrogroup_ReclassifiedOtherCurrentLiabilitiesPart" xlink:label="ablinasagrogroup_ReclassifiedOtherCurrentLiabilitiesPart" />
    <loc xlink:type="locator" xlink:href="ablinasagrogroup-2023-06-30.xsd#ablinasagrogroup_StatementOfComprehensiveIncomeTable" xlink:label="ablinasagrogroup_StatementOfComprehensiveIncomeTable" />
    <loc xlink:type="locator" xlink:href="ablinasagrogroup-2023-06-30.xsd#ablinasagrogroup_StatementOfComprehensiveIncomeLineItems" xlink:label="ablinasagrogroup_StatementOfComprehensiveIncomeLineItems" />
    <loc xlink:type="locator" xlink:href="ablinasagrogroup-2023-06-30.xsd#ablinasagrogroup_ExpensesOfImpairmentOfTradeReceivablesContractAssetsAndOtherReceivables" xlink:label="ablinasagrogroup_ExpensesOfImpairmentOfTradeReceivablesContractAssetsAndOtherReceivables" />
    <loc xlink:type="locator" xlink:href="ablinasagrogroup-2023-06-30.xsd#ablinasagrogroup_ImpairmentLossOfNon-CurrentAssetsHeldForSale" xlink:label="ablinasagrogroup_ImpairmentLossOfNon-CurrentAssetsHeldForSale" />
    <loc xlink:type="locator" xlink:href="ablinasagrogroup-2023-06-30.xsd#ablinasagrogroup_AmountsRecognizedDirectlyInEquityRelatingToNonCurrentAssetsHeldForSale" xlink:label="ablinasagrogroup_AmountsRecognizedDirectlyInEquityRelatingToNonCurrentAssetsHeldForSale" />
    <loc xlink:type="locator" xlink:href="ablinasagrogroup-2023-06-30.xsd#ablinasagrogroup_OtherComprehensiveIncomeNotToBeReclassifiedToProfitOrLossInSubsequentPeriods" xlink:label="ablinasagrogroup_OtherComprehensiveIncomeNotToBeReclassifiedToProfitOrLossInSubsequentPeriods" />
    <loc xlink:type="locator" xlink:href="ablinasagrogroup-2023-06-30.xsd#ablinasagrogroup_AcquisitionOfMinorityInterest" xlink:label="ablinasagrogroup_AcquisitionOfMinorityInterest" />
    <loc xlink:type="locator" xlink:href="ablinasagrogroup-2023-06-30.xsd#ablinasagrogroup_StatementOfCashFlowsTable" xlink:label="ablinasagrogroup_StatementOfCashFlowsTable" />
    <loc xlink:type="locator" xlink:href="ablinasagrogroup-2023-06-30.xsd#ablinasagrogroup_StatementOfCashFlowsLineItems" xlink:label="ablinasagrogroup_StatementOfCashFlowsLineItems" />
    <loc xlink:type="locator" xlink:href="ablinasagrogroup-2023-06-30.xsd#ablinasagrogroup_DepreciationAndAmortisation" xlink:label="ablinasagrogroup_DepreciationAndAmortisation" />
    <loc xlink:type="locator" xlink:href="ablinasagrogroup-2023-06-30.xsd#ablinasagrogroup_SubsidiesAmortisation" xlink:label="ablinasagrogroup_SubsidiesAmortisation" />
    <loc xlink:type="locator" xlink:href="ablinasagrogroup-2023-06-30.xsd#ablinasagrogroup_ImpairmentOfInvestmentsIntoAssociates" xlink:label="ablinasagrogroup_ImpairmentOfInvestmentsIntoAssociates" />
    <loc xlink:type="locator" xlink:href="ablinasagrogroup-2023-06-30.xsd#ablinasagrogroup_ChangeInContractAssetsAndAccruedExpenses" xlink:label="ablinasagrogroup_ChangeInContractAssetsAndAccruedExpenses" />
    <loc xlink:type="locator" xlink:href="ablinasagrogroup-2023-06-30.xsd#ablinasagrogroup_GainOnBargainPurchase" xlink:label="ablinasagrogroup_GainOnBargainPurchase" />
    <loc xlink:type="locator" xlink:href="ablinasagrogroup-2023-06-30.xsd#ablinasagrogroup_AcquisitionOfSubsidiariesLessReceivedCashBalanceInTheGroupIncludingPaymentsForSubsidiariesAcquiredInPriorPeriods" xlink:label="ablinasagrogroup_AcquisitionOfSubsidiariesLessReceivedCashBalanceInTheGroupIncludingPaymentsForSubsidiariesAcquiredInPriorPeriods" />
    <loc xlink:type="locator" xlink:href="ablinasagrogroup-2023-06-30.xsd#ablinasagrogroup_AsocijuotuIrJungtinesVeiklosImoniuIsigijimas" xlink:label="ablinasagrogroup_AsocijuotuIrJungtinesVeiklosImoniuIsigijimas" />
    <loc xlink:type="locator" xlink:href="ablinasagrogroup-2023-06-30.xsd#ablinasagrogroup_PropertyPlantAndEquipmemtAcquisitionsFinancedByLease" xlink:label="ablinasagrogroup_PropertyPlantAndEquipmemtAcquisitionsFinancedByLease" />
    <loc xlink:type="locator" xlink:href="ablinasagrogroup-2023-06-30.xsd#ablinasagrogroup_PropertyPlantAndEquipmentAcquisition" xlink:label="ablinasagrogroup_PropertyPlantAndEquipmentAcquisition" />
    <loc xlink:type="locator" xlink:href="ablinasagrogroup-2023-06-30.xsd#ablinasagrogroup_ProceedsFromLoans" xlink:label="ablinasagrogroup_ProceedsFromLoans" />
    <labelArc xlink:type="arc" xlink:from="ablinasagrogroup_NetInvestmentRelatedWithSublease" xlink:to="label_ablinasagrogroup_ablinasagrogroupNetInvestmentRelatedWithSublease_Standard" order="1" xlink:arcrole="http://www.xbrl.org/2003/arcrole/concept-label" />
    <labelArc xlink:type="arc" xlink:from="ablinasagrogroup_Crops" xlink:to="label_ablinasagrogroup_ablinasagrogroupCrops_Standard" order="1" xlink:arcrole="http://www.xbrl.org/2003/arcrole/concept-label" />
    <labelArc xlink:type="arc" xlink:from="ablinasagrogroup_Poultry" xlink:to="label_ablinasagrogroup_ablinasagrogroupPoultry_Standard" order="1" xlink:arcrole="http://www.xbrl.org/2003/arcrole/concept-label" />
    <labelArc xlink:type="arc" xlink:from="ablinasagrogroup_OtherAccountsReceivableAndContractAssets" xlink:to="label_ablinasagrogroup_ablinasagrogroupOtherAccountsReceivableAndContractAssets_Standard" order="1" xlink:arcrole="http://www.xbrl.org/2003/arcrole/concept-label" />
    <labelArc xlink:type="arc" xlink:from="ablinasagrogroup_ShortTermNetInvestmentRelatedWithSublease" xlink:to="label_ablinasagrogroup_ablinasagrogroupShortTermNetInvestmentRelatedWithSublease_Standard" order="1" xlink:arcrole="http://www.xbrl.org/2003/arcrole/concept-label" />
    <labelArc xlink:type="arc" xlink:from="ablinasagrogroup_ReclassifiedCurrentPrepaymentsPart" xlink:to="label_ablinasagrogroup_ablinasagrogroupReclassifiedCurrentPrepaymentsPart_Standard" order="1" xlink:arcrole="http://www.xbrl.org/2003/arcrole/concept-label" />
    <labelArc xlink:type="arc" xlink:from="ablinasagrogroup_ForeignCurrencyTranslationReserve" xlink:to="label_ablinasagrogroup_ablinasagrogroupForeignCurrencyTranslationReserve_Standard" order="1" xlink:arcrole="http://www.xbrl.org/2003/arcrole/concept-label" />
    <labelArc xlink:type="arc" xlink:from="ablinasagrogroup_ReclassifiedOtherCurrentLiabilitiesToContractLiabilitiies" xlink:to="label_ablinasagrogroup_ablinasagrogroupReclassifiedOtherCurrentLiabilitiesToContractLiabilitiies_Standard" order="1" xlink:arcrole="http://www.xbrl.org/2003/arcrole/concept-label" />
    <labelArc xlink:type="arc" xlink:from="ablinasagrogroup_ReclassifiedOtherCurrentLiabilitiesPart" xlink:to="label_ablinasagrogroup_ablinasagrogroupReclassifiedOtherCurrentLiabilitiesPart_Standard" order="1" xlink:arcrole="http://www.xbrl.org/2003/arcrole/concept-label" />
    <labelArc xlink:type="arc" xlink:from="ablinasagrogroup_StatementOfComprehensiveIncomeTable" xlink:to="label_ablinasagrogroup_StatementOfComprehensiveIncomeTable" order="1" xlink:arcrole="http://www.xbrl.org/2003/arcrole/concept-label" />
    <labelArc xlink:type="arc" xlink:from="ablinasagrogroup_StatementOfComprehensiveIncomeLineItems" xlink:to="label_StatementOfComprehensiveIncomeLineItems" order="1" xlink:arcrole="http://www.xbrl.org/2003/arcrole/concept-label" />
    <labelArc xlink:type="arc" xlink:from="ablinasagrogroup_ExpensesOfImpairmentOfTradeReceivablesContractAssetsAndOtherReceivables" xlink:to="label_ablinasagrogroup_ablinasagrogroupExpensesOfImpairmentOfTradeReceivablesContractAssetsAndOtherReceivables_Standard" order="1" xlink:arcrole="http://www.xbrl.org/2003/arcrole/concept-label" />
    <labelArc xlink:type="arc" xlink:from="ablinasagrogroup_ImpairmentLossOfNon-CurrentAssetsHeldForSale" xlink:to="label_ablinasagrogroup_ablinasagrogroupImpairmentLossOfNon-CurrentAssetsHeldForSale_Standard" order="1" xlink:arcrole="http://www.xbrl.org/2003/arcrole/concept-label" />
    <labelArc xlink:type="arc" xlink:from="ablinasagrogroup_AmountsRecognizedDirectlyInEquityRelatingToNonCurrentAssetsHeldForSale" xlink:to="label_ablinasagrogroup_ablinasagrogroupAmountsRecognizedDirectlyInEquityRelatingToNonCurrentAssetsHeldForSale_Standard" order="1" xlink:arcrole="http://www.xbrl.org/2003/arcrole/concept-label" />
    <labelArc xlink:type="arc" xlink:from="ablinasagrogroup_OtherComprehensiveIncomeNotToBeReclassifiedToProfitOrLossInSubsequentPeriods" xlink:to="label_ablinasagrogroup_ablinasagrogroupOtherComprehensiveIncomeNotToBeReclassifiedToProfitOrLossInSubsequentPeriods_Standard" order="1" xlink:arcrole="http://www.xbrl.org/2003/arcrole/concept-label" />
    <labelArc xlink:type="arc" xlink:from="ablinasagrogroup_AcquisitionOfMinorityInterest" xlink:to="label_ablinasagrogroup_ablinasagrogroupAcquisitionOfMinorityInterest_Standard" order="1" xlink:arcrole="http://www.xbrl.org/2003/arcrole/concept-label" />
    <labelArc xlink:type="arc" xlink:from="ablinasagrogroup_StatementOfCashFlowsTable" xlink:to="label_ablinasagrogroup_StatementOfCashFlowsTable" order="1" xlink:arcrole="http://www.xbrl.org/2003/arcrole/concept-label" />
    <labelArc xlink:type="arc" xlink:from="ablinasagrogroup_StatementOfCashFlowsLineItems" xlink:to="label_StatementOfCashFlowsLineItems" order="1" xlink:arcrole="http://www.xbrl.org/2003/arcrole/concept-label" />
    <labelArc xlink:type="arc" xlink:from="ablinasagrogroup_DepreciationAndAmortisation" xlink:to="label_ablinasagrogroup_ablinasagrogroupDepreciationAndAmortisation_Standard" order="1" xlink:arcrole="http://www.xbrl.org/2003/arcrole/concept-label" />
    <labelArc xlink:type="arc" xlink:from="ablinasagrogroup_SubsidiesAmortisation" xlink:to="label_ablinasagrogroup_ablinasagrogroupSubsidiesAmortisation_Standard" order="1" xlink:arcrole="http://www.xbrl.org/2003/arcrole/concept-label" />
    <labelArc xlink:type="arc" xlink:from="ablinasagrogroup_ImpairmentOfInvestmentsIntoAssociates" xlink:to="label_ablinasagrogroup_ablinasagrogroupImpairmentOfInvestmentsIntoAssociates_Standard" order="1" xlink:arcrole="http://www.xbrl.org/2003/arcrole/concept-label" />
    <labelArc xlink:type="arc" xlink:from="ablinasagrogroup_ChangeInContractAssetsAndAccruedExpenses" xlink:to="label_ablinasagrogroup_ablinasagrogroupChangeInContractAssetsAndAccruedExpenses_Standard" order="1" xlink:arcrole="http://www.xbrl.org/2003/arcrole/concept-label" />
    <labelArc xlink:type="arc" xlink:from="ablinasagrogroup_GainOnBargainPurchase" xlink:to="label_ablinasagrogroup_ablinasagrogroupGainOnBargainPurchase_Standard" order="1" xlink:arcrole="http://www.xbrl.org/2003/arcrole/concept-label" />
    <labelArc xlink:type="arc" xlink:from="ablinasagrogroup_AcquisitionOfSubsidiariesLessReceivedCashBalanceInTheGroupIncludingPaymentsForSubsidiariesAcquiredInPriorPeriods" xlink:to="label_ablinasagrogroup_ablinasagrogroupAcquisitionOfSubsidiariesLessReceivedCashBalanceInTheGroupIncludingPaymentsForSubsidiariesAcquiredInPriorPeriods_Standard" order="1" xlink:arcrole="http://www.xbrl.org/2003/arcrole/concept-label" />
    <labelArc xlink:type="arc" xlink:from="ablinasagrogroup_AsocijuotuIrJungtinesVeiklosImoniuIsigijimas" xlink:to="label_ablinasagrogroup_ablinasagrogroupAsocijuotuIrJungtinesVeiklosImoniuIsigijimas_Standard" order="1" xlink:arcrole="http://www.xbrl.org/2003/arcrole/concept-label" />
    <labelArc xlink:type="arc" xlink:from="ablinasagrogroup_PropertyPlantAndEquipmemtAcquisitionsFinancedByLease" xlink:to="label_ablinasagrogroup_ablinasagrogroupPropertyPlantAndEquipmemtAcquisitionsFinancedByLease_Standard" order="1" xlink:arcrole="http://www.xbrl.org/2003/arcrole/concept-label" />
    <labelArc xlink:type="arc" xlink:from="ablinasagrogroup_PropertyPlantAndEquipmentAcquisition" xlink:to="label_ablinasagrogroup_ablinasagrogroupPropertyPlantAndEquipmentAcquisition_Standard" order="1" xlink:arcrole="http://www.xbrl.org/2003/arcrole/concept-label" />
    <labelArc xlink:type="arc" xlink:from="ablinasagrogroup_ProceedsFromLoans" xlink:to="label_ablinasagrogroup_ablinasagrogroupProceedsFromLoans_Standard" order="1" xlink:arcrole="http://www.xbrl.org/2003/arcrole/concept-label" />
    <label xlink:label="label_ablinasagrogroup_ablinasagrogroupNetInvestmentRelatedWithSublease_Standard" id="ablinasagrogroup_ablinasagrogroupNetInvestmentRelatedWithSublease_Standard" xlink:role="http://www.xbrl.org/2003/role/label" xlink:type="resource" xml:lang="en">Net investment, related with sublease</label>
    <label xlink:label="label_ablinasagrogroup_ablinasagrogroupCrops_Standard" id="ablinasagrogroup_ablinasagrogroupCrops_Standard" xlink:role="http://www.xbrl.org/2003/role/label" xlink:type="resource" xml:lang="en">Crops</label>
    <label xlink:label="label_ablinasagrogroup_ablinasagrogroupPoultry_Standard" id="ablinasagrogroup_ablinasagrogroupPoultry_Standard" xlink:role="http://www.xbrl.org/2003/role/label" xlink:type="resource" xml:lang="en">Poultry</label>
    <label xlink:label="label_ablinasagrogroup_ablinasagrogroupOtherAccountsReceivableAndContractAssets_Standard" id="ablinasagrogroup_ablinasagrogroupOtherAccountsReceivableAndContractAssets_Standard" xlink:role="http://www.xbrl.org/2003/role/label" xlink:type="resource" xml:lang="en">Other accounts receivable and contract assets</label>
    <label xlink:label="label_ablinasagrogroup_ablinasagrogroupShortTermNetInvestmentRelatedWithSublease_Standard" id="ablinasagrogroup_ablinasagrogroupShortTermNetInvestmentRelatedWithSublease_Standard" xlink:role="http://www.xbrl.org/2003/role/label" xlink:type="resource" xml:lang="en">Short-term net investment, related with sublease</label>
    <label xlink:label="label_ablinasagrogroup_ablinasagrogroupReclassifiedCurrentPrepaymentsPart_Standard" id="ablinasagrogroup_ablinasagrogroupReclassifiedCurrentPrepaymentsPart_Standard" xlink:role="http://www.xbrl.org/2003/role/label" xlink:type="resource" xml:lang="en">ReclassifiedCurrentPrepaymentsPart</label>
    <label xlink:label="label_ablinasagrogroup_ablinasagrogroupForeignCurrencyTranslationReserve_Standard" id="ablinasagrogroup_ablinasagrogroupForeignCurrencyTranslationReserve_Standard" xlink:role="http://www.xbrl.org/2003/role/label" xlink:type="resource" xml:lang="en">Foreign currency translation reserve</label>
    <label xlink:label="label_ablinasagrogroup_ablinasagrogroupReclassifiedOtherCurrentLiabilitiesToContractLiabilitiies_Standard" id="ablinasagrogroup_ablinasagrogroupReclassifiedOtherCurrentLiabilitiesToContractLiabilitiies_Standard" xlink:role="http://www.xbrl.org/2003/role/label" xlink:type="resource" xml:lang="en">ReclassifiedOtherCurrentLiabilitiesToContractLiabilitiies</label>
    <label xlink:label="label_ablinasagrogroup_ablinasagrogroupReclassifiedOtherCurrentLiabilitiesPart_Standard" id="ablinasagrogroup_ablinasagrogroupReclassifiedOtherCurrentLiabilitiesPart_Standard" xlink:role="http://www.xbrl.org/2003/role/label" xlink:type="resource" xml:lang="en">ReclassifiedOtherCurrentLiabilitiesPart</label>
    <label xlink:label="label_ablinasagrogroup_StatementOfComprehensiveIncomeTable" id="ablinasagrogroup_StatementOfComprehensiveIncomeTable" xlink:role="http://www.xbrl.org/2003/role/label" xlink:type="resource" xml:lang="en">Statement of comprehensive income [table]</label>
    <label xlink:label="label_StatementOfComprehensiveIncomeLineItems" id="StatementOfComprehensiveIncomeLineItems" xlink:role="http://www.xbrl.org/2003/role/label" xlink:type="resource" xml:lang="en">Statement of comprehensive income [line items]</label>
    <label xlink:label="label_ablinasagrogroup_ablinasagrogroupExpensesOfImpairmentOfTradeReceivablesContractAssetsAndOtherReceivables_Standard" id="ablinasagrogroup_ablinasagrogroupExpensesOfImpairmentOfTradeReceivablesContractAssetsAndOtherReceivables_Standard" xlink:role="http://www.xbrl.org/2003/role/label" xlink:type="resource" xml:lang="en">Expenses of impairment of trade receivables, contract</label>
    <label xlink:label="label_ablinasagrogroup_ablinasagrogroupImpairmentLossOfNon-CurrentAssetsHeldForSale_Standard" id="ablinasagrogroup_ablinasagrogroupImpairmentLossOfNon-CurrentAssetsHeldForSale_Standard" xlink:role="http://www.xbrl.org/2003/role/label" xlink:type="resource" xml:lang="en">Impairment loss of non-current assets held for sale</label>
    <label xlink:label="label_ablinasagrogroup_ablinasagrogroupAmountsRecognizedDirectlyInEquityRelatingToNonCurrentAssetsHeldForSale_Standard" id="ablinasagrogroup_ablinasagrogroupAmountsRecognizedDirectlyInEquityRelatingToNonCurrentAssetsHeldForSale_Standard" xlink:role="http://www.xbrl.org/2003/role/label" xlink:type="resource" xml:lang="en">Amounts recognized directly in equity relating to non-curent assets held for sale</label>
    <label xlink:label="label_ablinasagrogroup_ablinasagrogroupOtherComprehensiveIncomeNotToBeReclassifiedToProfitOrLossInSubsequentPeriods_Standard" id="ablinasagrogroup_ablinasagrogroupOtherComprehensiveIncomeNotToBeReclassifiedToProfitOrLossInSubsequentPeriods_Standard" xlink:role="http://www.xbrl.org/2003/role/label" xlink:type="resource" xml:lang="en">Other comprehensive income not to be reclassified to profit or loss in subsequent periods:</label>
    <label xlink:label="label_ablinasagrogroup_ablinasagrogroupAcquisitionOfMinorityInterest_Standard" id="ablinasagrogroup_ablinasagrogroupAcquisitionOfMinorityInterest_Standard" xlink:role="http://www.xbrl.org/2003/role/label" xlink:type="resource" xml:lang="en">Acquisition of non-controlling interest</label>
    <label xlink:label="label_ablinasagrogroup_StatementOfCashFlowsTable" id="ablinasagrogroup_StatementOfCashFlowsTable" xlink:role="http://www.xbrl.org/2003/role/label" xlink:type="resource" xml:lang="en">Statement of cash flows [table]</label>
    <label xlink:label="label_StatementOfCashFlowsLineItems" id="StatementOfCashFlowsLineItems" xlink:role="http://www.xbrl.org/2003/role/label" xlink:type="resource" xml:lang="en">Statement of cash flows [line items]</label>
    <label xlink:label="label_ablinasagrogroup_ablinasagrogroupDepreciationAndAmortisation_Standard" id="ablinasagrogroup_ablinasagrogroupDepreciationAndAmortisation_Standard" xlink:role="http://www.xbrl.org/2003/role/label" xlink:type="resource" xml:lang="en">Depreciation and amortization</label>
    <label xlink:label="label_ablinasagrogroup_ablinasagrogroupSubsidiesAmortisation_Standard" id="ablinasagrogroup_ablinasagrogroupSubsidiesAmortisation_Standard" xlink:role="http://www.xbrl.org/2003/role/label" xlink:type="resource" xml:lang="en">Subsidies amortization</label>
    <label xlink:label="label_ablinasagrogroup_ablinasagrogroupImpairmentOfInvestmentsIntoAssociates_Standard" id="ablinasagrogroup_ablinasagrogroupImpairmentOfInvestmentsIntoAssociates_Standard" xlink:role="http://www.xbrl.org/2003/role/label" xlink:type="resource" xml:lang="en">Impairment of investments into associates</label>
    <label xlink:label="label_ablinasagrogroup_ablinasagrogroupChangeInContractAssetsAndAccruedExpenses_Standard" id="ablinasagrogroup_ablinasagrogroupChangeInContractAssetsAndAccruedExpenses_Standard" xlink:role="http://www.xbrl.org/2003/role/label" xlink:type="resource" xml:lang="en">Change in contract assets and accrued expenses</label>
    <label xlink:label="label_ablinasagrogroup_ablinasagrogroupGainOnBargainPurchase_Standard" id="ablinasagrogroup_ablinasagrogroupGainOnBargainPurchase_Standard" xlink:role="http://www.xbrl.org/2003/role/label" xlink:type="resource" xml:lang="en">Gain on bargain purchase</label>
    <label xlink:label="label_ablinasagrogroup_ablinasagrogroupAcquisitionOfSubsidiariesLessReceivedCashBalanceInTheGroupIncludingPaymentsForSubsidiariesAcquiredInPriorPeriods_Standard" id="ablinasagrogroup_ablinasagrogroupAcquisitionOfSubsidiariesLessReceivedCashBalanceInTheGroupIncludingPaymentsForSubsidiariesAcquiredInPriorPeriods_Standard" xlink:role="http://www.xbrl.org/2003/role/label" xlink:type="resource" xml:lang="en">Acquisition of subsidiaries (less received cash balance in the Group), including payments for subsidiaries acquired in prior periods</label>
    <label xlink:label="label_ablinasagrogroup_ablinasagrogroupAsocijuotuIrJungtinesVeiklosImoniuIsigijimas_Standard" id="ablinasagrogroup_ablinasagrogroupAsocijuotuIrJungtinesVeiklosImoniuIsigijimas_Standard" xlink:role="http://www.xbrl.org/2003/role/label" xlink:type="resource" xml:lang="en">Acquisition of associates and joint ventures</label>
    <label xlink:label="label_ablinasagrogroup_ablinasagrogroupPropertyPlantAndEquipmemtAcquisitionsFinancedByLease_Standard" id="ablinasagrogroup_ablinasagrogroupPropertyPlantAndEquipmemtAcquisitionsFinancedByLease_Standard" xlink:role="http://www.xbrl.org/2003/role/label" xlink:type="resource" xml:lang="en">Property, plant and equipment acquisitions financed by lease</label>
    <label xlink:label="label_ablinasagrogroup_ablinasagrogroupPropertyPlantAndEquipmentAcquisition_Standard" id="ablinasagrogroup_ablinasagrogroupPropertyPlantAndEquipmentAcquisition_Standard" xlink:role="http://www.xbrl.org/2003/role/label" xlink:type="resource" xml:lang="en">Acquisition of right-of-use assets</label>
    <label xlink:label="label_ablinasagrogroup_ablinasagrogroupProceedsFromLoans_Standard" id="ablinasagrogroup_ablinasagrogroupProceedsFromLoans_Standard" xlink:role="http://www.xbrl.org/2003/role/label" xlink:type="resource" xml:lang="en">Proceeds from loans</label>
  </labelLink>
</linkbase>