﻿<?xml version="1.0" encoding="utf-8"?>
<linkbase xsi:schemaLocation="http://www.xbrl.org/2003/linkbase http://www.xbrl.org/2003/xbrl-linkbase-2003-12-31.xsd" xmlns:xsi="http://www.w3.org/2001/XMLSchema-instance" xmlns="http://www.xbrl.org/2003/linkbase">
  <roleRef roleURI="http://apbapranga.com/xbrl/2023/roles/StatementOfComprehensiveIncome" xlink:href="apbapranga-2023-12-31.xsd#StatementOfComprehensiveIncome" xlink:type="simple" xmlns:xlink="http://www.w3.org/1999/xlink" />
  <roleRef roleURI="http://apbapranga.com/xbrl/2023/roles/StatementOfFinancialPosition" xlink:href="apbapranga-2023-12-31.xsd#StatementOfFinancialPosition" xlink:type="simple" xmlns:xlink="http://www.w3.org/1999/xlink" />
  <roleRef roleURI="http://apbapranga.com/xbrl/2023/roles/StatementOfCashFlows" xlink:href="apbapranga-2023-12-31.xsd#StatementOfCashFlows" xlink:type="simple" xmlns:xlink="http://www.w3.org/1999/xlink" />
  <calculationLink xlink:role="http://apbapranga.com/xbrl/2023/roles/StatementOfComprehensiveIncome" xlink:type="extended" xmlns:xlink="http://www.w3.org/1999/xlink">
    <loc xlink:type="locator" xlink:href="https://xbrl.ifrs.org/taxonomy/2022-03-24/full_ifrs/full_ifrs-cor_2022-03-24.xsd#ifrs-full_GrossProfit" xlink:label="ifrs-full_GrossProfit" />
    <loc xlink:type="locator" xlink:href="https://xbrl.ifrs.org/taxonomy/2022-03-24/full_ifrs/full_ifrs-cor_2022-03-24.xsd#ifrs-full_RevenueFromContractsWithCustomers" xlink:label="ifrs-full_RevenueFromContractsWithCustomers" />
    <loc xlink:type="locator" xlink:href="https://xbrl.ifrs.org/taxonomy/2022-03-24/full_ifrs/full_ifrs-cor_2022-03-24.xsd#ifrs-full_CostOfSales" xlink:label="ifrs-full_CostOfSales" />
    <loc xlink:type="locator" xlink:href="https://xbrl.ifrs.org/taxonomy/2022-03-24/full_ifrs/full_ifrs-cor_2022-03-24.xsd#ifrs-full_ProfitLossFromOperatingActivities" xlink:label="ifrs-full_ProfitLossFromOperatingActivities" />
    <loc xlink:type="locator" xlink:href="https://xbrl.ifrs.org/taxonomy/2022-03-24/full_ifrs/full_ifrs-cor_2022-03-24.xsd#ifrs-full_GeneralAndAdministrativeExpense" xlink:label="ifrs-full_GeneralAndAdministrativeExpense" />
    <loc xlink:type="locator" xlink:href="https://xbrl.ifrs.org/taxonomy/2022-03-24/full_ifrs/full_ifrs-cor_2022-03-24.xsd#ifrs-full_OtherIncome" xlink:label="ifrs-full_OtherIncome" />
    <loc xlink:type="locator" xlink:href="https://xbrl.ifrs.org/taxonomy/2022-03-24/full_ifrs/full_ifrs-cor_2022-03-24.xsd#ifrs-full_SellingExpense" xlink:label="ifrs-full_SellingExpense" />
    <loc xlink:type="locator" xlink:href="https://xbrl.ifrs.org/taxonomy/2022-03-24/full_ifrs/full_ifrs-cor_2022-03-24.xsd#ifrs-full_ProfitLossBeforeTax" xlink:label="ifrs-full_ProfitLossBeforeTax" />
    <loc xlink:type="locator" xlink:href="https://xbrl.ifrs.org/taxonomy/2022-03-24/full_ifrs/full_ifrs-cor_2022-03-24.xsd#ifrs-full_FinanceIncome" xlink:label="ifrs-full_FinanceIncome" />
    <loc xlink:type="locator" xlink:href="https://xbrl.ifrs.org/taxonomy/2022-03-24/full_ifrs/full_ifrs-cor_2022-03-24.xsd#ifrs-full_FinanceCosts" xlink:label="ifrs-full_FinanceCosts" />
    <loc xlink:type="locator" xlink:href="https://xbrl.ifrs.org/taxonomy/2022-03-24/full_ifrs/full_ifrs-cor_2022-03-24.xsd#ifrs-full_ProfitLoss" xlink:label="ifrs-full_ProfitLoss" />
    <loc xlink:type="locator" xlink:href="https://xbrl.ifrs.org/taxonomy/2022-03-24/full_ifrs/full_ifrs-cor_2022-03-24.xsd#ifrs-full_IncomeTaxExpenseContinuingOperations" xlink:label="ifrs-full_IncomeTaxExpenseContinuingOperations" />
    <loc xlink:type="locator" xlink:href="https://xbrl.ifrs.org/taxonomy/2022-03-24/full_ifrs/full_ifrs-cor_2022-03-24.xsd#ifrs-full_ComprehensiveIncome" xlink:label="ifrs-full_ComprehensiveIncome" />
    <loc xlink:type="locator" xlink:href="https://xbrl.ifrs.org/taxonomy/2022-03-24/full_ifrs/full_ifrs-cor_2022-03-24.xsd#ifrs-full_OtherComprehensiveIncome" xlink:label="ifrs-full_OtherComprehensiveIncome" />
    <calculationArc xlink:type="arc" xlink:from="ifrs-full_GrossProfit" xlink:to="ifrs-full_RevenueFromContractsWithCustomers" order="5" xlink:arcrole="http://www.xbrl.org/2003/arcrole/summation-item" priority="1" weight="1.0" />
    <calculationArc xlink:type="arc" xlink:from="ifrs-full_GrossProfit" xlink:to="ifrs-full_CostOfSales" order="6" xlink:arcrole="http://www.xbrl.org/2003/arcrole/summation-item" priority="1" weight="-1.0" />
    <calculationArc xlink:type="arc" xlink:from="ifrs-full_ProfitLossFromOperatingActivities" xlink:to="ifrs-full_GeneralAndAdministrativeExpense" order="9" xlink:arcrole="http://www.xbrl.org/2003/arcrole/summation-item" priority="1" weight="-1.0" />
    <calculationArc xlink:type="arc" xlink:from="ifrs-full_ProfitLossFromOperatingActivities" xlink:to="ifrs-full_OtherIncome" order="10" xlink:arcrole="http://www.xbrl.org/2003/arcrole/summation-item" priority="1" weight="1.0" />
    <calculationArc xlink:type="arc" xlink:from="ifrs-full_ProfitLossFromOperatingActivities" xlink:to="ifrs-full_GrossProfit" order="7" xlink:arcrole="http://www.xbrl.org/2003/arcrole/summation-item" priority="1" weight="1.0" />
    <calculationArc xlink:type="arc" xlink:from="ifrs-full_ProfitLossFromOperatingActivities" xlink:to="ifrs-full_SellingExpense" order="8" xlink:arcrole="http://www.xbrl.org/2003/arcrole/summation-item" priority="1" weight="-1.0" />
    <calculationArc xlink:type="arc" xlink:from="ifrs-full_ProfitLossBeforeTax" xlink:to="ifrs-full_ProfitLossFromOperatingActivities" order="11" xlink:arcrole="http://www.xbrl.org/2003/arcrole/summation-item" priority="1" weight="1.0" />
    <calculationArc xlink:type="arc" xlink:from="ifrs-full_ProfitLossBeforeTax" xlink:to="ifrs-full_FinanceIncome" order="12" xlink:arcrole="http://www.xbrl.org/2003/arcrole/summation-item" priority="1" weight="1.0" />
    <calculationArc xlink:type="arc" xlink:from="ifrs-full_ProfitLossBeforeTax" xlink:to="ifrs-full_FinanceCosts" order="13" xlink:arcrole="http://www.xbrl.org/2003/arcrole/summation-item" priority="1" weight="-1.0" />
    <calculationArc xlink:type="arc" xlink:from="ifrs-full_ProfitLoss" xlink:to="ifrs-full_ProfitLossBeforeTax" order="14" xlink:arcrole="http://www.xbrl.org/2003/arcrole/summation-item" priority="1" weight="1.0" />
    <calculationArc xlink:type="arc" xlink:from="ifrs-full_ProfitLoss" xlink:to="ifrs-full_IncomeTaxExpenseContinuingOperations" order="15" xlink:arcrole="http://www.xbrl.org/2003/arcrole/summation-item" priority="1" weight="-1.0" />
    <calculationArc xlink:type="arc" xlink:from="ifrs-full_ComprehensiveIncome" xlink:to="ifrs-full_ProfitLoss" order="16" xlink:arcrole="http://www.xbrl.org/2003/arcrole/summation-item" priority="1" weight="1.0" />
    <calculationArc xlink:type="arc" xlink:from="ifrs-full_ComprehensiveIncome" xlink:to="ifrs-full_OtherComprehensiveIncome" order="17" xlink:arcrole="http://www.xbrl.org/2003/arcrole/summation-item" priority="1" weight="1.0" />
  </calculationLink>
  <calculationLink xlink:role="http://apbapranga.com/xbrl/2023/roles/StatementOfFinancialPosition" xlink:type="extended" xmlns:xlink="http://www.w3.org/1999/xlink">
    <loc xlink:type="locator" xlink:href="https://xbrl.ifrs.org/taxonomy/2022-03-24/full_ifrs/full_ifrs-cor_2022-03-24.xsd#ifrs-full_NoncurrentAssets" xlink:label="ifrs-full_NoncurrentAssets" />
    <loc xlink:type="locator" xlink:href="https://xbrl.ifrs.org/taxonomy/2022-03-24/full_ifrs/full_ifrs-cor_2022-03-24.xsd#ifrs-full_PropertyPlantAndEquipment" xlink:label="ifrs-full_PropertyPlantAndEquipment" />
    <loc xlink:type="locator" xlink:href="https://xbrl.ifrs.org/taxonomy/2022-03-24/full_ifrs/full_ifrs-cor_2022-03-24.xsd#ifrs-full_IntangibleAssetsOtherThanGoodwill" xlink:label="ifrs-full_IntangibleAssetsOtherThanGoodwill" />
    <loc xlink:type="locator" xlink:href="https://xbrl.ifrs.org/taxonomy/2022-03-24/full_ifrs/full_ifrs-cor_2022-03-24.xsd#ifrs-full_InvestmentsInSubsidiaries" xlink:label="ifrs-full_InvestmentsInSubsidiaries" />
    <loc xlink:type="locator" xlink:href="https://xbrl.ifrs.org/taxonomy/2022-03-24/full_ifrs/full_ifrs-cor_2022-03-24.xsd#ifrs-full_NoncurrentPrepayments" xlink:label="ifrs-full_NoncurrentPrepayments" />
    <loc xlink:type="locator" xlink:href="https://xbrl.ifrs.org/taxonomy/2022-03-24/full_ifrs/full_ifrs-cor_2022-03-24.xsd#ifrs-full_NoncurrentReceivables" xlink:label="ifrs-full_NoncurrentReceivables" />
    <loc xlink:type="locator" xlink:href="https://xbrl.ifrs.org/taxonomy/2022-03-24/full_ifrs/full_ifrs-cor_2022-03-24.xsd#ifrs-full_RightofuseAssets" xlink:label="ifrs-full_RightofuseAssets" />
    <loc xlink:type="locator" xlink:href="https://xbrl.ifrs.org/taxonomy/2022-03-24/full_ifrs/full_ifrs-cor_2022-03-24.xsd#ifrs-full_OtherNoncurrentFinancialAssets" xlink:label="ifrs-full_OtherNoncurrentFinancialAssets" />
    <loc xlink:type="locator" xlink:href="https://xbrl.ifrs.org/taxonomy/2022-03-24/full_ifrs/full_ifrs-cor_2022-03-24.xsd#ifrs-full_CurrentAssetsOtherThanAssetsOrDisposalGroupsClassifiedAsHeldForSaleOrAsHeldForDistributionToOwners" xlink:label="ifrs-full_CurrentAssetsOtherThanAssetsOrDisposalGroupsClassifiedAsHeldForSaleOrAsHeldForDistributionToOwners" />
    <loc xlink:type="locator" xlink:href="https://xbrl.ifrs.org/taxonomy/2022-03-24/full_ifrs/full_ifrs-cor_2022-03-24.xsd#ifrs-full_CurrentPrepayments" xlink:label="ifrs-full_CurrentPrepayments" />
    <loc xlink:type="locator" xlink:href="https://xbrl.ifrs.org/taxonomy/2022-03-24/full_ifrs/full_ifrs-cor_2022-03-24.xsd#ifrs-full_TradeAndOtherCurrentReceivables" xlink:label="ifrs-full_TradeAndOtherCurrentReceivables" />
    <loc xlink:type="locator" xlink:href="https://xbrl.ifrs.org/taxonomy/2022-03-24/full_ifrs/full_ifrs-cor_2022-03-24.xsd#ifrs-full_CashAndCashEquivalents" xlink:label="ifrs-full_CashAndCashEquivalents" />
    <loc xlink:type="locator" xlink:href="https://xbrl.ifrs.org/taxonomy/2022-03-24/full_ifrs/full_ifrs-cor_2022-03-24.xsd#ifrs-full_InventoriesTotal" xlink:label="ifrs-full_InventoriesTotal" />
    <loc xlink:type="locator" xlink:href="https://xbrl.ifrs.org/taxonomy/2022-03-24/full_ifrs/full_ifrs-cor_2022-03-24.xsd#ifrs-full_Assets" xlink:label="ifrs-full_Assets" />
    <loc xlink:type="locator" xlink:href="https://xbrl.ifrs.org/taxonomy/2022-03-24/full_ifrs/full_ifrs-cor_2022-03-24.xsd#ifrs-full_Equity" xlink:label="ifrs-full_Equity" />
    <loc xlink:type="locator" xlink:href="https://xbrl.ifrs.org/taxonomy/2022-03-24/full_ifrs/full_ifrs-cor_2022-03-24.xsd#ifrs-full_IssuedCapital" xlink:label="ifrs-full_IssuedCapital" />
    <loc xlink:type="locator" xlink:href="https://xbrl.ifrs.org/taxonomy/2022-03-24/full_ifrs/full_ifrs-cor_2022-03-24.xsd#ifrs-full_StatutoryReserve" xlink:label="ifrs-full_StatutoryReserve" />
    <loc xlink:type="locator" xlink:href="https://xbrl.ifrs.org/taxonomy/2022-03-24/full_ifrs/full_ifrs-cor_2022-03-24.xsd#ifrs-full_ReserveOfExchangeDifferencesOnTranslation" xlink:label="ifrs-full_ReserveOfExchangeDifferencesOnTranslation" />
    <loc xlink:type="locator" xlink:href="https://xbrl.ifrs.org/taxonomy/2022-03-24/full_ifrs/full_ifrs-cor_2022-03-24.xsd#ifrs-full_RetainedEarnings" xlink:label="ifrs-full_RetainedEarnings" />
    <loc xlink:type="locator" xlink:href="https://xbrl.ifrs.org/taxonomy/2022-03-24/full_ifrs/full_ifrs-cor_2022-03-24.xsd#ifrs-full_NoncurrentLiabilities" xlink:label="ifrs-full_NoncurrentLiabilities" />
    <loc xlink:type="locator" xlink:href="https://xbrl.ifrs.org/taxonomy/2022-03-24/full_ifrs/full_ifrs-cor_2022-03-24.xsd#ifrs-full_DeferredTaxLiabilities" xlink:label="ifrs-full_DeferredTaxLiabilities" />
    <loc xlink:type="locator" xlink:href="https://xbrl.ifrs.org/taxonomy/2022-03-24/full_ifrs/full_ifrs-cor_2022-03-24.xsd#ifrs-full_NoncurrentLeaseLiabilities" xlink:label="ifrs-full_NoncurrentLeaseLiabilities" />
    <loc xlink:type="locator" xlink:href="https://xbrl.ifrs.org/taxonomy/2022-03-24/full_ifrs/full_ifrs-cor_2022-03-24.xsd#ifrs-full_NoncurrentProvisionsForEmployeeBenefits" xlink:label="ifrs-full_NoncurrentProvisionsForEmployeeBenefits" />
    <loc xlink:type="locator" xlink:href="https://xbrl.ifrs.org/taxonomy/2022-03-24/full_ifrs/full_ifrs-cor_2022-03-24.xsd#ifrs-full_CurrentLiabilities" xlink:label="ifrs-full_CurrentLiabilities" />
    <loc xlink:type="locator" xlink:href="https://xbrl.ifrs.org/taxonomy/2022-03-24/full_ifrs/full_ifrs-cor_2022-03-24.xsd#ifrs-full_CurrentLeaseLiabilities" xlink:label="ifrs-full_CurrentLeaseLiabilities" />
    <loc xlink:type="locator" xlink:href="https://xbrl.ifrs.org/taxonomy/2022-03-24/full_ifrs/full_ifrs-cor_2022-03-24.xsd#ifrs-full_CurrentTaxLiabilitiesCurrent" xlink:label="ifrs-full_CurrentTaxLiabilitiesCurrent" />
    <loc xlink:type="locator" xlink:href="https://xbrl.ifrs.org/taxonomy/2022-03-24/full_ifrs/full_ifrs-cor_2022-03-24.xsd#ifrs-full_TradeAndOtherCurrentPayables" xlink:label="ifrs-full_TradeAndOtherCurrentPayables" />
    <loc xlink:type="locator" xlink:href="https://xbrl.ifrs.org/taxonomy/2022-03-24/full_ifrs/full_ifrs-cor_2022-03-24.xsd#ifrs-full_CurrentBorrowingsAndCurrentPortionOfNoncurrentBorrowings" xlink:label="ifrs-full_CurrentBorrowingsAndCurrentPortionOfNoncurrentBorrowings" />
    <loc xlink:type="locator" xlink:href="https://xbrl.ifrs.org/taxonomy/2022-03-24/full_ifrs/full_ifrs-cor_2022-03-24.xsd#ifrs-full_Liabilities" xlink:label="ifrs-full_Liabilities" />
    <loc xlink:type="locator" xlink:href="https://xbrl.ifrs.org/taxonomy/2022-03-24/full_ifrs/full_ifrs-cor_2022-03-24.xsd#ifrs-full_EquityAndLiabilities" xlink:label="ifrs-full_EquityAndLiabilities" />
    <calculationArc xlink:type="arc" xlink:from="ifrs-full_NoncurrentAssets" xlink:to="ifrs-full_PropertyPlantAndEquipment" order="7" xlink:arcrole="http://www.xbrl.org/2003/arcrole/summation-item" priority="1" weight="1.0" />
    <calculationArc xlink:type="arc" xlink:from="ifrs-full_NoncurrentAssets" xlink:to="ifrs-full_IntangibleAssetsOtherThanGoodwill" order="7" xlink:arcrole="http://www.xbrl.org/2003/arcrole/summation-item" priority="1" weight="1.0" />
    <calculationArc xlink:type="arc" xlink:from="ifrs-full_NoncurrentAssets" xlink:to="ifrs-full_InvestmentsInSubsidiaries" order="7" xlink:arcrole="http://www.xbrl.org/2003/arcrole/summation-item" priority="1" weight="1.0" />
    <calculationArc xlink:type="arc" xlink:from="ifrs-full_NoncurrentAssets" xlink:to="ifrs-full_NoncurrentPrepayments" order="7" xlink:arcrole="http://www.xbrl.org/2003/arcrole/summation-item" priority="1" weight="1.0" />
    <calculationArc xlink:type="arc" xlink:from="ifrs-full_NoncurrentAssets" xlink:to="ifrs-full_NoncurrentReceivables" order="7" xlink:arcrole="http://www.xbrl.org/2003/arcrole/summation-item" priority="1" weight="1.0" />
    <calculationArc xlink:type="arc" xlink:from="ifrs-full_NoncurrentAssets" xlink:to="ifrs-full_RightofuseAssets" order="7" xlink:arcrole="http://www.xbrl.org/2003/arcrole/summation-item" priority="1" weight="1.0" />
    <calculationArc xlink:type="arc" xlink:from="ifrs-full_NoncurrentAssets" xlink:to="ifrs-full_OtherNoncurrentFinancialAssets" order="7" xlink:arcrole="http://www.xbrl.org/2003/arcrole/summation-item" priority="1" weight="1.0" />
    <calculationArc xlink:type="arc" xlink:from="ifrs-full_CurrentAssetsOtherThanAssetsOrDisposalGroupsClassifiedAsHeldForSaleOrAsHeldForDistributionToOwners" xlink:to="ifrs-full_CurrentPrepayments" order="13" xlink:arcrole="http://www.xbrl.org/2003/arcrole/summation-item" priority="1" weight="1.0" />
    <calculationArc xlink:type="arc" xlink:from="ifrs-full_CurrentAssetsOtherThanAssetsOrDisposalGroupsClassifiedAsHeldForSaleOrAsHeldForDistributionToOwners" xlink:to="ifrs-full_TradeAndOtherCurrentReceivables" order="13" xlink:arcrole="http://www.xbrl.org/2003/arcrole/summation-item" priority="1" weight="1.0" />
    <calculationArc xlink:type="arc" xlink:from="ifrs-full_CurrentAssetsOtherThanAssetsOrDisposalGroupsClassifiedAsHeldForSaleOrAsHeldForDistributionToOwners" xlink:to="ifrs-full_CashAndCashEquivalents" order="13" xlink:arcrole="http://www.xbrl.org/2003/arcrole/summation-item" priority="1" weight="1.0" />
    <calculationArc xlink:type="arc" xlink:from="ifrs-full_CurrentAssetsOtherThanAssetsOrDisposalGroupsClassifiedAsHeldForSaleOrAsHeldForDistributionToOwners" xlink:to="ifrs-full_InventoriesTotal" order="13" xlink:arcrole="http://www.xbrl.org/2003/arcrole/summation-item" priority="1" weight="1.0" />
    <calculationArc xlink:type="arc" xlink:from="ifrs-full_Assets" xlink:to="ifrs-full_CurrentAssetsOtherThanAssetsOrDisposalGroupsClassifiedAsHeldForSaleOrAsHeldForDistributionToOwners" order="15" xlink:arcrole="http://www.xbrl.org/2003/arcrole/summation-item" priority="1" weight="1.0" />
    <calculationArc xlink:type="arc" xlink:from="ifrs-full_Assets" xlink:to="ifrs-full_NoncurrentAssets" order="15" xlink:arcrole="http://www.xbrl.org/2003/arcrole/summation-item" priority="1" weight="1.0" />
    <calculationArc xlink:type="arc" xlink:from="ifrs-full_Equity" xlink:to="ifrs-full_IssuedCapital" order="20" xlink:arcrole="http://www.xbrl.org/2003/arcrole/summation-item" priority="1" weight="1.0" />
    <calculationArc xlink:type="arc" xlink:from="ifrs-full_Equity" xlink:to="ifrs-full_StatutoryReserve" order="20" xlink:arcrole="http://www.xbrl.org/2003/arcrole/summation-item" priority="1" weight="1.0" />
    <calculationArc xlink:type="arc" xlink:from="ifrs-full_Equity" xlink:to="ifrs-full_ReserveOfExchangeDifferencesOnTranslation" order="20" xlink:arcrole="http://www.xbrl.org/2003/arcrole/summation-item" priority="1" weight="1.0" />
    <calculationArc xlink:type="arc" xlink:from="ifrs-full_Equity" xlink:to="ifrs-full_RetainedEarnings" order="20" xlink:arcrole="http://www.xbrl.org/2003/arcrole/summation-item" priority="1" weight="1.0" />
    <calculationArc xlink:type="arc" xlink:from="ifrs-full_NoncurrentLiabilities" xlink:to="ifrs-full_DeferredTaxLiabilities" order="26" xlink:arcrole="http://www.xbrl.org/2003/arcrole/summation-item" priority="1" weight="1.0" />
    <calculationArc xlink:type="arc" xlink:from="ifrs-full_NoncurrentLiabilities" xlink:to="ifrs-full_NoncurrentLeaseLiabilities" order="26" xlink:arcrole="http://www.xbrl.org/2003/arcrole/summation-item" priority="1" weight="1.0" />
    <calculationArc xlink:type="arc" xlink:from="ifrs-full_NoncurrentLiabilities" xlink:to="ifrs-full_NoncurrentProvisionsForEmployeeBenefits" order="26" xlink:arcrole="http://www.xbrl.org/2003/arcrole/summation-item" priority="1" weight="1.0" />
    <calculationArc xlink:type="arc" xlink:from="ifrs-full_CurrentLiabilities" xlink:to="ifrs-full_CurrentLeaseLiabilities" order="32" xlink:arcrole="http://www.xbrl.org/2003/arcrole/summation-item" priority="1" weight="1.0" />
    <calculationArc xlink:type="arc" xlink:from="ifrs-full_CurrentLiabilities" xlink:to="ifrs-full_CurrentTaxLiabilitiesCurrent" order="32" xlink:arcrole="http://www.xbrl.org/2003/arcrole/summation-item" priority="1" weight="1.0" />
    <calculationArc xlink:type="arc" xlink:from="ifrs-full_CurrentLiabilities" xlink:to="ifrs-full_TradeAndOtherCurrentPayables" order="32" xlink:arcrole="http://www.xbrl.org/2003/arcrole/summation-item" priority="1" weight="1.0" />
    <calculationArc xlink:type="arc" xlink:from="ifrs-full_CurrentLiabilities" xlink:to="ifrs-full_CurrentBorrowingsAndCurrentPortionOfNoncurrentBorrowings" order="32" xlink:arcrole="http://www.xbrl.org/2003/arcrole/summation-item" priority="1" weight="1.0" />
    <calculationArc xlink:type="arc" xlink:from="ifrs-full_Liabilities" xlink:to="ifrs-full_CurrentLiabilities" order="33" xlink:arcrole="http://www.xbrl.org/2003/arcrole/summation-item" priority="1" weight="1.0" />
    <calculationArc xlink:type="arc" xlink:from="ifrs-full_Liabilities" xlink:to="ifrs-full_NoncurrentLiabilities" order="33" xlink:arcrole="http://www.xbrl.org/2003/arcrole/summation-item" priority="1" weight="1.0" />
    <calculationArc xlink:type="arc" xlink:from="ifrs-full_EquityAndLiabilities" xlink:to="ifrs-full_Liabilities" order="34" xlink:arcrole="http://www.xbrl.org/2003/arcrole/summation-item" priority="1" weight="1.0" />
    <calculationArc xlink:type="arc" xlink:from="ifrs-full_EquityAndLiabilities" xlink:to="ifrs-full_Equity" order="34" xlink:arcrole="http://www.xbrl.org/2003/arcrole/summation-item" priority="1" weight="1.0" />
  </calculationLink>
  <calculationLink xlink:role="http://apbapranga.com/xbrl/2023/roles/StatementOfCashFlows" xlink:type="extended" xmlns:xlink="http://www.w3.org/1999/xlink">
    <loc xlink:type="locator" xlink:href="https://xbrl.ifrs.org/taxonomy/2022-03-24/full_ifrs/full_ifrs-cor_2022-03-24.xsd#ifrs-full_CashFlowsFromUsedInOperationsBeforeChangesInWorkingCapital" xlink:label="ifrs-full_CashFlowsFromUsedInOperationsBeforeChangesInWorkingCapital" />
    <loc xlink:type="locator" xlink:href="https://xbrl.ifrs.org/taxonomy/2022-03-24/full_ifrs/full_ifrs-cor_2022-03-24.xsd#ifrs-full_ProfitLossBeforeTax" xlink:label="ifrs-full_ProfitLossBeforeTax" />
    <loc xlink:type="locator" xlink:href="https://xbrl.ifrs.org/taxonomy/2022-03-24/full_ifrs/full_ifrs-cor_2022-03-24.xsd#ifrs-full_AdjustmentsForDepreciationAndAmortisationExpense" xlink:label="ifrs-full_AdjustmentsForDepreciationAndAmortisationExpense" />
    <loc xlink:type="locator" xlink:href="https://xbrl.ifrs.org/taxonomy/2022-03-24/full_ifrs/full_ifrs-cor_2022-03-24.xsd#ifrs-full_AdjustmentsForImpairmentLossReversalOfImpairmentLossRecognisedInProfitOrLoss" xlink:label="ifrs-full_AdjustmentsForImpairmentLossReversalOfImpairmentLossRecognisedInProfitOrLoss" />
    <loc xlink:type="locator" xlink:href="https://xbrl.ifrs.org/taxonomy/2022-03-24/full_ifrs/full_ifrs-cor_2022-03-24.xsd#ifrs-full_AdjustmentsForImpairmentLossReversalOfImpairmentLossRecognisedInProfitOrLossInventories" xlink:label="ifrs-full_AdjustmentsForImpairmentLossReversalOfImpairmentLossRecognisedInProfitOrLossInventories" />
    <loc xlink:type="locator" xlink:href="https://xbrl.ifrs.org/taxonomy/2022-03-24/full_ifrs/full_ifrs-cor_2022-03-24.xsd#ifrs-full_AdjustmentsForGainLossOnDisposalsPropertyPlantAndEquipment" xlink:label="ifrs-full_AdjustmentsForGainLossOnDisposalsPropertyPlantAndEquipment" />
    <loc xlink:type="locator" xlink:href="https://xbrl.ifrs.org/taxonomy/2022-03-24/full_ifrs/full_ifrs-cor_2022-03-24.xsd#ifrs-full_OtherAdjustmentsForNoncashItems" xlink:label="ifrs-full_OtherAdjustmentsForNoncashItems" />
    <loc xlink:type="locator" xlink:href="https://xbrl.ifrs.org/taxonomy/2022-03-24/full_ifrs/full_ifrs-cor_2022-03-24.xsd#ifrs-full_AdjustmentsForFairValueGainsLosses" xlink:label="ifrs-full_AdjustmentsForFairValueGainsLosses" />
    <loc xlink:type="locator" xlink:href="https://xbrl.ifrs.org/taxonomy/2022-03-24/full_ifrs/full_ifrs-cor_2022-03-24.xsd#ifrs-full_AdjustmentsForDividendIncome" xlink:label="ifrs-full_AdjustmentsForDividendIncome" />
    <loc xlink:type="locator" xlink:href="https://xbrl.ifrs.org/taxonomy/2022-03-24/full_ifrs/full_ifrs-cor_2022-03-24.xsd#ifrs-full_AdjustmentsForInterestExpense" xlink:label="ifrs-full_AdjustmentsForInterestExpense" />
    <loc xlink:type="locator" xlink:href="https://xbrl.ifrs.org/taxonomy/2022-03-24/full_ifrs/full_ifrs-cor_2022-03-24.xsd#ifrs-full_CashFlowsFromUsedInOperations" xlink:label="ifrs-full_CashFlowsFromUsedInOperations" />
    <loc xlink:type="locator" xlink:href="https://xbrl.ifrs.org/taxonomy/2022-03-24/full_ifrs/full_ifrs-cor_2022-03-24.xsd#ifrs-full_AdjustmentsForDecreaseIncreaseInInventories" xlink:label="ifrs-full_AdjustmentsForDecreaseIncreaseInInventories" />
    <loc xlink:type="locator" xlink:href="https://xbrl.ifrs.org/taxonomy/2022-03-24/full_ifrs/full_ifrs-cor_2022-03-24.xsd#ifrs-full_AdjustmentsForDecreaseIncreaseInTradeAccountReceivable" xlink:label="ifrs-full_AdjustmentsForDecreaseIncreaseInTradeAccountReceivable" />
    <loc xlink:type="locator" xlink:href="https://xbrl.ifrs.org/taxonomy/2022-03-24/full_ifrs/full_ifrs-cor_2022-03-24.xsd#ifrs-full_AdjustmentsForIncreaseDecreaseInTradeAccountPayable" xlink:label="ifrs-full_AdjustmentsForIncreaseDecreaseInTradeAccountPayable" />
    <loc xlink:type="locator" xlink:href="https://xbrl.ifrs.org/taxonomy/2022-03-24/full_ifrs/full_ifrs-cor_2022-03-24.xsd#ifrs-full_CashFlowsFromUsedInOperatingActivities" xlink:label="ifrs-full_CashFlowsFromUsedInOperatingActivities" />
    <loc xlink:type="locator" xlink:href="https://xbrl.ifrs.org/taxonomy/2022-03-24/full_ifrs/full_ifrs-cor_2022-03-24.xsd#ifrs-full_IncomeTaxesPaidClassifiedAsOperatingActivities" xlink:label="ifrs-full_IncomeTaxesPaidClassifiedAsOperatingActivities" />
    <loc xlink:type="locator" xlink:href="https://xbrl.ifrs.org/taxonomy/2022-03-24/full_ifrs/full_ifrs-cor_2022-03-24.xsd#ifrs-full_InterestPaidClassifiedAsOperatingActivities" xlink:label="ifrs-full_InterestPaidClassifiedAsOperatingActivities" />
    <loc xlink:type="locator" xlink:href="https://xbrl.ifrs.org/taxonomy/2022-03-24/full_ifrs/full_ifrs-cor_2022-03-24.xsd#ifrs-full_CashFlowsFromUsedInInvestingActivities" xlink:label="ifrs-full_CashFlowsFromUsedInInvestingActivities" />
    <loc xlink:type="locator" xlink:href="https://xbrl.ifrs.org/taxonomy/2022-03-24/full_ifrs/full_ifrs-cor_2022-03-24.xsd#ifrs-full_InterestReceivedClassifiedAsInvestingActivities" xlink:label="ifrs-full_InterestReceivedClassifiedAsInvestingActivities" />
    <loc xlink:type="locator" xlink:href="https://xbrl.ifrs.org/taxonomy/2022-03-24/full_ifrs/full_ifrs-cor_2022-03-24.xsd#ifrs-full_DividendsReceivedClassifiedAsInvestingActivities" xlink:label="ifrs-full_DividendsReceivedClassifiedAsInvestingActivities" />
    <loc xlink:type="locator" xlink:href="https://xbrl.ifrs.org/taxonomy/2022-03-24/full_ifrs/full_ifrs-cor_2022-03-24.xsd#ifrs-full_CashAdvancesAndLoansMadeToOtherPartiesClassifiedAsInvestingActivities" xlink:label="ifrs-full_CashAdvancesAndLoansMadeToOtherPartiesClassifiedAsInvestingActivities" />
    <loc xlink:type="locator" xlink:href="https://xbrl.ifrs.org/taxonomy/2022-03-24/full_ifrs/full_ifrs-cor_2022-03-24.xsd#ifrs-full_CashReceiptsFromRepaymentOfAdvancesAndLoansMadeToOtherPartiesClassifiedAsInvestingActivities" xlink:label="ifrs-full_CashReceiptsFromRepaymentOfAdvancesAndLoansMadeToOtherPartiesClassifiedAsInvestingActivities" />
    <loc xlink:type="locator" xlink:href="https://xbrl.ifrs.org/taxonomy/2022-03-24/full_ifrs/full_ifrs-cor_2022-03-24.xsd#ifrs-full_PurchaseOfPropertyPlantAndEquipmentIntangibleAssetsOtherThanGoodwillInvestmentPropertyAndOtherNoncurrentAssets" xlink:label="ifrs-full_PurchaseOfPropertyPlantAndEquipmentIntangibleAssetsOtherThanGoodwillInvestmentPropertyAndOtherNoncurrentAssets" />
    <loc xlink:type="locator" xlink:href="https://xbrl.ifrs.org/taxonomy/2022-03-24/full_ifrs/full_ifrs-cor_2022-03-24.xsd#ifrs-full_ProceedsFromDisposalsOfPropertyPlantAndEquipmentIntangibleAssetsOtherThanGoodwillInvestmentPropertyAndOtherNoncurrentAssets" xlink:label="ifrs-full_ProceedsFromDisposalsOfPropertyPlantAndEquipmentIntangibleAssetsOtherThanGoodwillInvestmentPropertyAndOtherNoncurrentAssets" />
    <loc xlink:type="locator" xlink:href="https://xbrl.ifrs.org/taxonomy/2022-03-24/full_ifrs/full_ifrs-cor_2022-03-24.xsd#ifrs-full_ProceedsFromGovernmentGrantsClassifiedAsInvestingActivities" xlink:label="ifrs-full_ProceedsFromGovernmentGrantsClassifiedAsInvestingActivities" />
    <loc xlink:type="locator" xlink:href="https://xbrl.ifrs.org/taxonomy/2022-03-24/full_ifrs/full_ifrs-cor_2022-03-24.xsd#ifrs-full_PurchaseOfInterestsInAssociates" xlink:label="ifrs-full_PurchaseOfInterestsInAssociates" />
    <loc xlink:type="locator" xlink:href="https://xbrl.ifrs.org/taxonomy/2022-03-24/full_ifrs/full_ifrs-cor_2022-03-24.xsd#ifrs-full_CashFlowsFromUsedInFinancingActivities" xlink:label="ifrs-full_CashFlowsFromUsedInFinancingActivities" />
    <loc xlink:type="locator" xlink:href="https://xbrl.ifrs.org/taxonomy/2022-03-24/full_ifrs/full_ifrs-cor_2022-03-24.xsd#ifrs-full_ProceedsFromBorrowingsClassifiedAsFinancingActivities" xlink:label="ifrs-full_ProceedsFromBorrowingsClassifiedAsFinancingActivities" />
    <loc xlink:type="locator" xlink:href="https://xbrl.ifrs.org/taxonomy/2022-03-24/full_ifrs/full_ifrs-cor_2022-03-24.xsd#ifrs-full_RepaymentsOfBorrowingsClassifiedAsFinancingActivities" xlink:label="ifrs-full_RepaymentsOfBorrowingsClassifiedAsFinancingActivities" />
    <loc xlink:type="locator" xlink:href="https://xbrl.ifrs.org/taxonomy/2022-03-24/full_ifrs/full_ifrs-cor_2022-03-24.xsd#ifrs-full_PaymentsOfLeaseLiabilitiesClassifiedAsFinancingActivities" xlink:label="ifrs-full_PaymentsOfLeaseLiabilitiesClassifiedAsFinancingActivities" />
    <loc xlink:type="locator" xlink:href="https://xbrl.ifrs.org/taxonomy/2022-03-24/full_ifrs/full_ifrs-cor_2022-03-24.xsd#ifrs-full_DividendsPaidClassifiedAsFinancingActivities" xlink:label="ifrs-full_DividendsPaidClassifiedAsFinancingActivities" />
    <loc xlink:type="locator" xlink:href="https://xbrl.ifrs.org/taxonomy/2022-03-24/full_ifrs/full_ifrs-cor_2022-03-24.xsd#ifrs-full_IncreaseDecreaseInCashAndCashEquivalents" xlink:label="ifrs-full_IncreaseDecreaseInCashAndCashEquivalents" />
    <calculationArc xlink:type="arc" xlink:from="ifrs-full_CashFlowsFromUsedInOperationsBeforeChangesInWorkingCapital" xlink:to="ifrs-full_ProfitLossBeforeTax" order="5" xlink:arcrole="http://www.xbrl.org/2003/arcrole/summation-item" priority="1" weight="1.0" />
    <calculationArc xlink:type="arc" xlink:from="ifrs-full_CashFlowsFromUsedInOperationsBeforeChangesInWorkingCapital" xlink:to="ifrs-full_AdjustmentsForDepreciationAndAmortisationExpense" order="7" xlink:arcrole="http://www.xbrl.org/2003/arcrole/summation-item" priority="1" weight="1.0" />
    <calculationArc xlink:type="arc" xlink:from="ifrs-full_CashFlowsFromUsedInOperationsBeforeChangesInWorkingCapital" xlink:to="ifrs-full_AdjustmentsForImpairmentLossReversalOfImpairmentLossRecognisedInProfitOrLoss" order="8" xlink:arcrole="http://www.xbrl.org/2003/arcrole/summation-item" priority="1" weight="1.0" />
    <calculationArc xlink:type="arc" xlink:from="ifrs-full_CashFlowsFromUsedInOperationsBeforeChangesInWorkingCapital" xlink:to="ifrs-full_AdjustmentsForImpairmentLossReversalOfImpairmentLossRecognisedInProfitOrLossInventories" order="9" xlink:arcrole="http://www.xbrl.org/2003/arcrole/summation-item" priority="1" weight="1.0" />
    <calculationArc xlink:type="arc" xlink:from="ifrs-full_CashFlowsFromUsedInOperationsBeforeChangesInWorkingCapital" xlink:to="ifrs-full_AdjustmentsForGainLossOnDisposalsPropertyPlantAndEquipment" order="10" xlink:arcrole="http://www.xbrl.org/2003/arcrole/summation-item" priority="1" weight="-1.0" />
    <calculationArc xlink:type="arc" xlink:from="ifrs-full_CashFlowsFromUsedInOperationsBeforeChangesInWorkingCapital" xlink:to="ifrs-full_OtherAdjustmentsForNoncashItems" order="11" xlink:arcrole="http://www.xbrl.org/2003/arcrole/summation-item" priority="1" weight="1.0" />
    <calculationArc xlink:type="arc" xlink:from="ifrs-full_CashFlowsFromUsedInOperationsBeforeChangesInWorkingCapital" xlink:to="ifrs-full_AdjustmentsForFairValueGainsLosses" order="12" xlink:arcrole="http://www.xbrl.org/2003/arcrole/summation-item" priority="1" weight="1.0" />
    <calculationArc xlink:type="arc" xlink:from="ifrs-full_CashFlowsFromUsedInOperationsBeforeChangesInWorkingCapital" xlink:to="ifrs-full_AdjustmentsForDividendIncome" order="13" xlink:arcrole="http://www.xbrl.org/2003/arcrole/summation-item" priority="1" weight="-1.0" />
    <calculationArc xlink:type="arc" xlink:from="ifrs-full_CashFlowsFromUsedInOperationsBeforeChangesInWorkingCapital" xlink:to="ifrs-full_AdjustmentsForInterestExpense" order="14" xlink:arcrole="http://www.xbrl.org/2003/arcrole/summation-item" priority="1" weight="1.0" />
    <calculationArc xlink:type="arc" xlink:from="ifrs-full_CashFlowsFromUsedInOperations" xlink:to="ifrs-full_AdjustmentsForDecreaseIncreaseInInventories" order="17" xlink:arcrole="http://www.xbrl.org/2003/arcrole/summation-item" priority="1" weight="1.0" />
    <calculationArc xlink:type="arc" xlink:from="ifrs-full_CashFlowsFromUsedInOperations" xlink:to="ifrs-full_AdjustmentsForDecreaseIncreaseInTradeAccountReceivable" order="18" xlink:arcrole="http://www.xbrl.org/2003/arcrole/summation-item" priority="1" weight="1.0" />
    <calculationArc xlink:type="arc" xlink:from="ifrs-full_CashFlowsFromUsedInOperations" xlink:to="ifrs-full_AdjustmentsForIncreaseDecreaseInTradeAccountPayable" order="19" xlink:arcrole="http://www.xbrl.org/2003/arcrole/summation-item" priority="1" weight="1.0" />
    <calculationArc xlink:type="arc" xlink:from="ifrs-full_CashFlowsFromUsedInOperations" xlink:to="ifrs-full_CashFlowsFromUsedInOperationsBeforeChangesInWorkingCapital" order="15" xlink:arcrole="http://www.xbrl.org/2003/arcrole/summation-item" priority="1" weight="1.0" />
    <calculationArc xlink:type="arc" xlink:from="ifrs-full_CashFlowsFromUsedInOperatingActivities" xlink:to="ifrs-full_CashFlowsFromUsedInOperations" order="20" xlink:arcrole="http://www.xbrl.org/2003/arcrole/summation-item" priority="1" weight="1.0" />
    <calculationArc xlink:type="arc" xlink:from="ifrs-full_CashFlowsFromUsedInOperatingActivities" xlink:to="ifrs-full_IncomeTaxesPaidClassifiedAsOperatingActivities" order="21" xlink:arcrole="http://www.xbrl.org/2003/arcrole/summation-item" priority="1" weight="-1.0" />
    <calculationArc xlink:type="arc" xlink:from="ifrs-full_CashFlowsFromUsedInOperatingActivities" xlink:to="ifrs-full_InterestPaidClassifiedAsOperatingActivities" order="22" xlink:arcrole="http://www.xbrl.org/2003/arcrole/summation-item" priority="1" weight="-1.0" />
    <calculationArc xlink:type="arc" xlink:from="ifrs-full_CashFlowsFromUsedInInvestingActivities" xlink:to="ifrs-full_InterestReceivedClassifiedAsInvestingActivities" order="25" xlink:arcrole="http://www.xbrl.org/2003/arcrole/summation-item" priority="1" weight="1.0" />
    <calculationArc xlink:type="arc" xlink:from="ifrs-full_CashFlowsFromUsedInInvestingActivities" xlink:to="ifrs-full_DividendsReceivedClassifiedAsInvestingActivities" order="26" xlink:arcrole="http://www.xbrl.org/2003/arcrole/summation-item" priority="1" weight="1.0" />
    <calculationArc xlink:type="arc" xlink:from="ifrs-full_CashFlowsFromUsedInInvestingActivities" xlink:to="ifrs-full_CashAdvancesAndLoansMadeToOtherPartiesClassifiedAsInvestingActivities" order="27" xlink:arcrole="http://www.xbrl.org/2003/arcrole/summation-item" priority="1" weight="-1.0" />
    <calculationArc xlink:type="arc" xlink:from="ifrs-full_CashFlowsFromUsedInInvestingActivities" xlink:to="ifrs-full_CashReceiptsFromRepaymentOfAdvancesAndLoansMadeToOtherPartiesClassifiedAsInvestingActivities" order="28" xlink:arcrole="http://www.xbrl.org/2003/arcrole/summation-item" priority="1" weight="1.0" />
    <calculationArc xlink:type="arc" xlink:from="ifrs-full_CashFlowsFromUsedInInvestingActivities" xlink:to="ifrs-full_PurchaseOfPropertyPlantAndEquipmentIntangibleAssetsOtherThanGoodwillInvestmentPropertyAndOtherNoncurrentAssets" order="29" xlink:arcrole="http://www.xbrl.org/2003/arcrole/summation-item" priority="1" weight="-1.0" />
    <calculationArc xlink:type="arc" xlink:from="ifrs-full_CashFlowsFromUsedInInvestingActivities" xlink:to="ifrs-full_ProceedsFromDisposalsOfPropertyPlantAndEquipmentIntangibleAssetsOtherThanGoodwillInvestmentPropertyAndOtherNoncurrentAssets" order="30" xlink:arcrole="http://www.xbrl.org/2003/arcrole/summation-item" priority="1" weight="1.0" />
    <calculationArc xlink:type="arc" xlink:from="ifrs-full_CashFlowsFromUsedInInvestingActivities" xlink:to="ifrs-full_ProceedsFromGovernmentGrantsClassifiedAsInvestingActivities" order="31" xlink:arcrole="http://www.xbrl.org/2003/arcrole/summation-item" priority="1" weight="1.0" />
    <calculationArc xlink:type="arc" xlink:from="ifrs-full_CashFlowsFromUsedInInvestingActivities" xlink:to="ifrs-full_PurchaseOfInterestsInAssociates" order="32" xlink:arcrole="http://www.xbrl.org/2003/arcrole/summation-item" priority="1" weight="-1.0" />
    <calculationArc xlink:type="arc" xlink:from="ifrs-full_CashFlowsFromUsedInFinancingActivities" xlink:to="ifrs-full_ProceedsFromBorrowingsClassifiedAsFinancingActivities" order="36" xlink:arcrole="http://www.xbrl.org/2003/arcrole/summation-item" priority="1" weight="1.0" />
    <calculationArc xlink:type="arc" xlink:from="ifrs-full_CashFlowsFromUsedInFinancingActivities" xlink:to="ifrs-full_RepaymentsOfBorrowingsClassifiedAsFinancingActivities" order="37" xlink:arcrole="http://www.xbrl.org/2003/arcrole/summation-item" priority="1" weight="-1.0" />
    <calculationArc xlink:type="arc" xlink:from="ifrs-full_CashFlowsFromUsedInFinancingActivities" xlink:to="ifrs-full_PaymentsOfLeaseLiabilitiesClassifiedAsFinancingActivities" order="38" xlink:arcrole="http://www.xbrl.org/2003/arcrole/summation-item" priority="1" weight="-1.0" />
    <calculationArc xlink:type="arc" xlink:from="ifrs-full_CashFlowsFromUsedInFinancingActivities" xlink:to="ifrs-full_DividendsPaidClassifiedAsFinancingActivities" order="35" xlink:arcrole="http://www.xbrl.org/2003/arcrole/summation-item" priority="1" weight="-1.0" />
    <calculationArc xlink:type="arc" xlink:from="ifrs-full_IncreaseDecreaseInCashAndCashEquivalents" xlink:to="ifrs-full_CashFlowsFromUsedInFinancingActivities" order="39" xlink:arcrole="http://www.xbrl.org/2003/arcrole/summation-item" priority="1" weight="1.0" />
    <calculationArc xlink:type="arc" xlink:from="ifrs-full_IncreaseDecreaseInCashAndCashEquivalents" xlink:to="ifrs-full_CashFlowsFromUsedInInvestingActivities" order="33" xlink:arcrole="http://www.xbrl.org/2003/arcrole/summation-item" priority="1" weight="1.0" />
    <calculationArc xlink:type="arc" xlink:from="ifrs-full_IncreaseDecreaseInCashAndCashEquivalents" xlink:to="ifrs-full_CashFlowsFromUsedInOperatingActivities" order="23" xlink:arcrole="http://www.xbrl.org/2003/arcrole/summation-item" priority="1" weight="1.0" />
  </calculationLink>
</linkbase>