<?xml version="1.0" encoding="utf-8"?>
<linkbase xsi:schemaLocation="http://www.xbrl.org/2003/linkbase http://www.xbrl.org/2003/xbrl-linkbase-2003-12-31.xsd" xmlns:xsi="http://www.w3.org/2001/XMLSchema-instance" xmlns="http://www.xbrl.org/2003/linkbase">
  <labelLink xlink:role="http://www.xbrl.org/2003/role/link" xlink:type="extended" xmlns:xlink="http://www.w3.org/1999/xlink">
    <loc xlink:type="locator" xlink:href="abknenergies-2023-12-31.xsd#abknenergies_Reserves" xlink:label="abknenergies_Reserves" />
    <loc xlink:type="locator" xlink:href="abknenergies-2023-12-31.xsd#abknenergies_PayrollRelatedLiabilities" xlink:label="abknenergies_PayrollRelatedLiabilities" />
    <loc xlink:type="locator" xlink:href="abknenergies-2023-12-31.xsd#abknenergies_ActuarialGainLoss" xlink:label="abknenergies_ActuarialGainLoss" />
    <loc xlink:type="locator" xlink:href="abknenergies-2023-12-31.xsd#abknenergies_ChangeInVacationReserve" xlink:label="abknenergies_ChangeInVacationReserve" />
    <loc xlink:type="locator" xlink:href="abknenergies-2023-12-31.xsd#abknenergies_IncreaseDecreaseInPayrollRelatedLiabilities" xlink:label="abknenergies_IncreaseDecreaseInPayrollRelatedLiabilities" />
    <loc xlink:type="locator" xlink:href="abknenergies-2023-12-31.xsd#abknenergies_CashCollateralRecovery" xlink:label="abknenergies_CashCollateralRecovery" />
    <loc xlink:type="locator" xlink:href="abknenergies-2023-12-31.xsd#abknenergies_CashCollateralPayment" xlink:label="abknenergies_CashCollateralPayment" />
    <loc xlink:type="locator" xlink:href="abknenergies-2023-12-31.xsd#abknenergies_InterestAndFeeRelatedToLoansPaid" xlink:label="abknenergies_InterestAndFeeRelatedToLoansPaid" />
    <loc xlink:type="locator" xlink:href="abknenergies-2023-12-31.xsd#abknenergies_InterestOnLeasingLiabilitiesPaid" xlink:label="abknenergies_InterestOnLeasingLiabilitiesPaid" />
    <labelArc xlink:type="arc" xlink:from="abknenergies_Reserves" xlink:to="label_abknenergies_abknenergiesReserves_Standard" order="1" xlink:arcrole="http://www.xbrl.org/2003/arcrole/concept-label" />
    <labelArc xlink:type="arc" xlink:from="abknenergies_PayrollRelatedLiabilities" xlink:to="label_abknenergies_abknenergiesPayrollRelatedLiabilities_Standard" order="1" xlink:arcrole="http://www.xbrl.org/2003/arcrole/concept-label" />
    <labelArc xlink:type="arc" xlink:from="abknenergies_ActuarialGainLoss" xlink:to="label_abknenergies_abknenergiesActuarialGainLoss_Standard" order="1" xlink:arcrole="http://www.xbrl.org/2003/arcrole/concept-label" />
    <labelArc xlink:type="arc" xlink:from="abknenergies_ChangeInVacationReserve" xlink:to="label_abknenergies_abknenergiesChangeInVacationReserve_Standard" order="1" xlink:arcrole="http://www.xbrl.org/2003/arcrole/concept-label" />
    <labelArc xlink:type="arc" xlink:from="abknenergies_IncreaseDecreaseInPayrollRelatedLiabilities" xlink:to="label_abknenergies_abknenergiesIncreaseDecreaseInPayrollRelatedLiabilities_Standard" order="1" xlink:arcrole="http://www.xbrl.org/2003/arcrole/concept-label" />
    <labelArc xlink:type="arc" xlink:from="abknenergies_CashCollateralRecovery" xlink:to="label_abknenergies_abknenergiesCashCollateralRecovery_Standard" order="1" xlink:arcrole="http://www.xbrl.org/2003/arcrole/concept-label" />
    <labelArc xlink:type="arc" xlink:from="abknenergies_CashCollateralPayment" xlink:to="label_abknenergies_abknenergiesCashCollateralPayment_Standard" order="1" xlink:arcrole="http://www.xbrl.org/2003/arcrole/concept-label" />
    <labelArc xlink:type="arc" xlink:from="abknenergies_InterestAndFeeRelatedToLoansPaid" xlink:to="label_abknenergies_abknenergiesInterestAndFeeRelatedToLoansPaid_Standard" order="1" xlink:arcrole="http://www.xbrl.org/2003/arcrole/concept-label" />
    <labelArc xlink:type="arc" xlink:from="abknenergies_InterestOnLeasingLiabilitiesPaid" xlink:to="label_abknenergies_abknenergiesInterestOnLeasingLiabilitiesPaid_Standard" order="1" xlink:arcrole="http://www.xbrl.org/2003/arcrole/concept-label" />
    <label xlink:label="label_abknenergies_abknenergiesReserves_Standard" id="abknenergies_abknenergiesReserves_Standard" xlink:role="http://www.xbrl.org/2003/role/label" xlink:type="resource" xml:lang="en">Reserves</label>
    <label xlink:label="label_abknenergies_abknenergiesPayrollRelatedLiabilities_Standard" id="abknenergies_abknenergiesPayrollRelatedLiabilities_Standard" xlink:role="http://www.xbrl.org/2003/role/label" xlink:type="resource" xml:lang="en">Payroll related liabilities</label>
    <label xlink:label="label_abknenergies_abknenergiesActuarialGainLoss_Standard" id="abknenergies_abknenergiesActuarialGainLoss_Standard" xlink:role="http://www.xbrl.org/2003/role/label" xlink:type="resource" xml:lang="en">Actuarial gain (loss)</label>
    <label xlink:label="label_abknenergies_abknenergiesChangeInVacationReserve_Standard" id="abknenergies_abknenergiesChangeInVacationReserve_Standard" xlink:role="http://www.xbrl.org/2003/role/label" xlink:type="resource" xml:lang="en">Change in vacation reserve</label>
    <label xlink:label="label_abknenergies_abknenergiesIncreaseDecreaseInPayrollRelatedLiabilities_Standard" id="abknenergies_abknenergiesIncreaseDecreaseInPayrollRelatedLiabilities_Standard" xlink:role="http://www.xbrl.org/2003/role/label" xlink:type="resource" xml:lang="en">Increase (decrease) in payroll related liabilities</label>
    <label xlink:label="label_abknenergies_abknenergiesCashCollateralRecovery_Standard" id="abknenergies_abknenergiesCashCollateralRecovery_Standard" xlink:role="http://www.xbrl.org/2003/role/label" xlink:type="resource" xml:lang="en">Cash collateral recovery</label>
    <label xlink:label="label_abknenergies_abknenergiesCashCollateralPayment_Standard" id="abknenergies_abknenergiesCashCollateralPayment_Standard" xlink:role="http://www.xbrl.org/2003/role/label" xlink:type="resource" xml:lang="en">Cash collateral (payment)</label>
    <label xlink:label="label_abknenergies_abknenergiesInterestAndFeeRelatedToLoansPaid_Standard" id="abknenergies_abknenergiesInterestAndFeeRelatedToLoansPaid_Standard" xlink:role="http://www.xbrl.org/2003/role/label" xlink:type="resource" xml:lang="en">Interest and fee related to loans (paid)</label>
    <label xlink:label="label_abknenergies_abknenergiesInterestOnLeasingLiabilitiesPaid_Standard" id="abknenergies_abknenergiesInterestOnLeasingLiabilitiesPaid_Standard" xlink:role="http://www.xbrl.org/2003/role/label" xlink:type="resource" xml:lang="en">Interest on leasing liabilities paid</label>
  </labelLink>
</linkbase>