﻿<?xml version="1.0" encoding="utf-8"?>
<linkbase xsi:schemaLocation="http://www.xbrl.org/2003/linkbase http://www.xbrl.org/2003/xbrl-linkbase-2003-12-31.xsd" xmlns:xsi="http://www.w3.org/2001/XMLSchema-instance" xmlns="http://www.xbrl.org/2003/linkbase">
  <roleRef roleURI="http://akcinbendrovrokikiosris.com/xbrl/2023/roles/IncomeStatement" xlink:href="abrokiskiosuris-2023-12-31.xsd#IncomeStatement" xlink:type="simple" xmlns:xlink="http://www.w3.org/1999/xlink" />
  <roleRef roleURI="http://akcinbendrovrokikiosris.com/xbrl/2023/roles/StatementOfComprehensiveIncome" xlink:href="abrokiskiosuris-2023-12-31.xsd#StatementOfComprehensiveIncome" xlink:type="simple" xmlns:xlink="http://www.w3.org/1999/xlink" />
  <roleRef roleURI="http://akcinbendrovrokikiosris.com/xbrl/2023/roles/BalanceSheet" xlink:href="abrokiskiosuris-2023-12-31.xsd#BalanceSheet" xlink:type="simple" xmlns:xlink="http://www.w3.org/1999/xlink" />
  <roleRef roleURI="http://akcinbendrovrokikiosris.com/xbrl/2023/roles/StatementOfCashFlows" xlink:href="abrokiskiosuris-2023-12-31.xsd#StatementOfCashFlows" xlink:type="simple" xmlns:xlink="http://www.w3.org/1999/xlink" />
  <calculationLink xlink:role="http://akcinbendrovrokikiosris.com/xbrl/2023/roles/IncomeStatement" xlink:type="extended" xmlns:xlink="http://www.w3.org/1999/xlink">
    <loc xlink:type="locator" xlink:href="https://xbrl.ifrs.org/taxonomy/2022-03-24/full_ifrs/full_ifrs-cor_2022-03-24.xsd#ifrs-full_IncomeTaxExpenseContinuingOperations" xlink:label="ifrs-full_IncomeTaxExpenseContinuingOperations" />
    <loc xlink:type="locator" xlink:href="https://xbrl.ifrs.org/taxonomy/2022-03-24/full_ifrs/full_ifrs-cor_2022-03-24.xsd#ifrs-full_FinanceCosts" xlink:label="ifrs-full_FinanceCosts" />
    <loc xlink:type="locator" xlink:href="https://xbrl.ifrs.org/taxonomy/2022-03-24/full_ifrs/full_ifrs-cor_2022-03-24.xsd#ifrs-full_ProfitLossBeforeTax" xlink:label="ifrs-full_ProfitLossBeforeTax" />
    <loc xlink:type="locator" xlink:href="https://xbrl.ifrs.org/taxonomy/2022-03-24/full_ifrs/full_ifrs-cor_2022-03-24.xsd#ifrs-full_AdministrativeExpense" xlink:label="ifrs-full_AdministrativeExpense" />
    <loc xlink:type="locator" xlink:href="https://xbrl.ifrs.org/taxonomy/2022-03-24/full_ifrs/full_ifrs-cor_2022-03-24.xsd#ifrs-full_SalesAndMarketingExpense" xlink:label="ifrs-full_SalesAndMarketingExpense" />
    <loc xlink:type="locator" xlink:href="https://xbrl.ifrs.org/taxonomy/2022-03-24/full_ifrs/full_ifrs-cor_2022-03-24.xsd#ifrs-full_Revenue" xlink:label="ifrs-full_Revenue" />
    <loc xlink:type="locator" xlink:href="https://xbrl.ifrs.org/taxonomy/2022-03-24/full_ifrs/full_ifrs-cor_2022-03-24.xsd#ifrs-full_ProfitLoss" xlink:label="ifrs-full_ProfitLoss" />
    <loc xlink:type="locator" xlink:href="https://xbrl.ifrs.org/taxonomy/2022-03-24/full_ifrs/full_ifrs-cor_2022-03-24.xsd#ifrs-full_ProfitLossFromOperatingActivities" xlink:label="ifrs-full_ProfitLossFromOperatingActivities" />
    <loc xlink:type="locator" xlink:href="https://xbrl.ifrs.org/taxonomy/2022-03-24/full_ifrs/full_ifrs-cor_2022-03-24.xsd#ifrs-full_GrossProfit" xlink:label="ifrs-full_GrossProfit" />
    <loc xlink:type="locator" xlink:href="https://xbrl.ifrs.org/taxonomy/2022-03-24/full_ifrs/full_ifrs-cor_2022-03-24.xsd#ifrs-full_OtherIncome" xlink:label="ifrs-full_OtherIncome" />
    <loc xlink:type="locator" xlink:href="https://xbrl.ifrs.org/taxonomy/2022-03-24/full_ifrs/full_ifrs-cor_2022-03-24.xsd#ifrs-full_CostOfSales" xlink:label="ifrs-full_CostOfSales" />
    <loc xlink:type="locator" xlink:href="https://xbrl.ifrs.org/taxonomy/2022-03-24/full_ifrs/full_ifrs-cor_2022-03-24.xsd#ifrs-full_OtherGainsLosses" xlink:label="ifrs-full_OtherGainsLosses" />
    <calculationArc xlink:type="arc" xlink:from="ifrs-full_GrossProfit" xlink:to="ifrs-full_Revenue" order="3" xlink:arcrole="http://www.xbrl.org/2003/arcrole/summation-item" priority="1" weight="1.0" />
    <calculationArc xlink:type="arc" xlink:from="ifrs-full_GrossProfit" xlink:to="ifrs-full_CostOfSales" order="4" xlink:arcrole="http://www.xbrl.org/2003/arcrole/summation-item" priority="1" weight="-1.0" />
    <calculationArc xlink:type="arc" xlink:from="ifrs-full_ProfitLossFromOperatingActivities" xlink:to="ifrs-full_GrossProfit" order="5" xlink:arcrole="http://www.xbrl.org/2003/arcrole/summation-item" priority="1" weight="1.0" />
    <calculationArc xlink:type="arc" xlink:from="ifrs-full_ProfitLossFromOperatingActivities" xlink:to="ifrs-full_SalesAndMarketingExpense" order="6" xlink:arcrole="http://www.xbrl.org/2003/arcrole/summation-item" priority="1" weight="-1.0" />
    <calculationArc xlink:type="arc" xlink:from="ifrs-full_ProfitLossFromOperatingActivities" xlink:to="ifrs-full_AdministrativeExpense" order="7" xlink:arcrole="http://www.xbrl.org/2003/arcrole/summation-item" priority="1" weight="-1.0" />
    <calculationArc xlink:type="arc" xlink:from="ifrs-full_ProfitLossFromOperatingActivities" xlink:to="ifrs-full_OtherIncome" order="8" xlink:arcrole="http://www.xbrl.org/2003/arcrole/summation-item" priority="1" weight="1.0" />
    <calculationArc xlink:type="arc" xlink:from="ifrs-full_ProfitLossFromOperatingActivities" xlink:to="ifrs-full_OtherGainsLosses" order="9" xlink:arcrole="http://www.xbrl.org/2003/arcrole/summation-item" priority="1" weight="1.0" />
    <calculationArc xlink:type="arc" xlink:from="ifrs-full_ProfitLossBeforeTax" xlink:to="ifrs-full_ProfitLossFromOperatingActivities" order="10" xlink:arcrole="http://www.xbrl.org/2003/arcrole/summation-item" priority="1" weight="1.0" />
    <calculationArc xlink:type="arc" xlink:from="ifrs-full_ProfitLossBeforeTax" xlink:to="ifrs-full_FinanceCosts" order="11" xlink:arcrole="http://www.xbrl.org/2003/arcrole/summation-item" priority="1" weight="-1.0" />
    <calculationArc xlink:type="arc" xlink:from="ifrs-full_ProfitLoss" xlink:to="ifrs-full_ProfitLossBeforeTax" order="12" xlink:arcrole="http://www.xbrl.org/2003/arcrole/summation-item" priority="1" weight="1.0" />
    <calculationArc xlink:type="arc" xlink:from="ifrs-full_ProfitLoss" xlink:to="ifrs-full_IncomeTaxExpenseContinuingOperations" order="13" xlink:arcrole="http://www.xbrl.org/2003/arcrole/summation-item" priority="1" weight="-1.0" />
  </calculationLink>
  <calculationLink xlink:role="http://akcinbendrovrokikiosris.com/xbrl/2023/roles/StatementOfComprehensiveIncome" xlink:type="extended" xmlns:xlink="http://www.w3.org/1999/xlink">
    <loc xlink:type="locator" xlink:href="https://xbrl.ifrs.org/taxonomy/2022-03-24/full_ifrs/full_ifrs-cor_2022-03-24.xsd#ifrs-full_IncomeTaxRelatingToChangesInRevaluationSurplusOfOtherComprehensiveIncome" xlink:label="ifrs-full_IncomeTaxRelatingToChangesInRevaluationSurplusOfOtherComprehensiveIncome" />
    <loc xlink:type="locator" xlink:href="https://xbrl.ifrs.org/taxonomy/2022-03-24/full_ifrs/full_ifrs-cor_2022-03-24.xsd#ifrs-full_ComprehensiveIncome" xlink:label="ifrs-full_ComprehensiveIncome" />
    <loc xlink:type="locator" xlink:href="https://xbrl.ifrs.org/taxonomy/2022-03-24/full_ifrs/full_ifrs-cor_2022-03-24.xsd#ifrs-full_ProfitLoss" xlink:label="ifrs-full_ProfitLoss" />
    <loc xlink:type="locator" xlink:href="https://xbrl.ifrs.org/taxonomy/2022-03-24/full_ifrs/full_ifrs-cor_2022-03-24.xsd#ifrs-full_OtherComprehensiveIncome" xlink:label="ifrs-full_OtherComprehensiveIncome" />
    <loc xlink:type="locator" xlink:href="https://xbrl.ifrs.org/taxonomy/2022-03-24/full_ifrs/full_ifrs-cor_2022-03-24.xsd#ifrs-full_OtherComprehensiveIncomeBeforeTaxGainsLossesOnRevaluation" xlink:label="ifrs-full_OtherComprehensiveIncomeBeforeTaxGainsLossesOnRevaluation" />
    <loc xlink:type="locator" xlink:href="https://xbrl.ifrs.org/taxonomy/2022-03-24/full_ifrs/full_ifrs-cor_2022-03-24.xsd#ifrs-full_OtherComprehensiveIncomeNetOfTaxGainsLossesOnRemeasurementsOfDefinedBenefitPlans" xlink:label="ifrs-full_OtherComprehensiveIncomeNetOfTaxGainsLossesOnRemeasurementsOfDefinedBenefitPlans" />
    <calculationArc xlink:type="arc" xlink:from="ifrs-full_OtherComprehensiveIncome" xlink:to="ifrs-full_OtherComprehensiveIncomeNetOfTaxGainsLossesOnRemeasurementsOfDefinedBenefitPlans" order="6" xlink:arcrole="http://www.xbrl.org/2003/arcrole/summation-item" priority="1" weight="1.0" />
    <calculationArc xlink:type="arc" xlink:from="ifrs-full_OtherComprehensiveIncome" xlink:to="ifrs-full_OtherComprehensiveIncomeBeforeTaxGainsLossesOnRevaluation" order="7" xlink:arcrole="http://www.xbrl.org/2003/arcrole/summation-item" priority="1" weight="1.0" />
    <calculationArc xlink:type="arc" xlink:from="ifrs-full_OtherComprehensiveIncome" xlink:to="ifrs-full_IncomeTaxRelatingToChangesInRevaluationSurplusOfOtherComprehensiveIncome" order="8" xlink:arcrole="http://www.xbrl.org/2003/arcrole/summation-item" priority="1" weight="-1.0" />
    <calculationArc xlink:type="arc" xlink:from="ifrs-full_ComprehensiveIncome" xlink:to="ifrs-full_ProfitLoss" order="3" xlink:arcrole="http://www.xbrl.org/2003/arcrole/summation-item" priority="1" weight="1.0" />
    <calculationArc xlink:type="arc" xlink:from="ifrs-full_ComprehensiveIncome" xlink:to="ifrs-full_OtherComprehensiveIncome" order="9" xlink:arcrole="http://www.xbrl.org/2003/arcrole/summation-item" priority="1" weight="1.0" />
  </calculationLink>
  <calculationLink xlink:role="http://akcinbendrovrokikiosris.com/xbrl/2023/roles/BalanceSheet" xlink:type="extended" xmlns:xlink="http://www.w3.org/1999/xlink">
    <loc xlink:type="locator" xlink:href="https://xbrl.ifrs.org/taxonomy/2022-03-24/full_ifrs/full_ifrs-cor_2022-03-24.xsd#ifrs-full_CapitalRedemptionReserve" xlink:label="ifrs-full_CapitalRedemptionReserve" />
    <loc xlink:type="locator" xlink:href="https://xbrl.ifrs.org/taxonomy/2022-03-24/full_ifrs/full_ifrs-cor_2022-03-24.xsd#ifrs-full_OtherReserves" xlink:label="ifrs-full_OtherReserves" />
    <loc xlink:type="locator" xlink:href="https://xbrl.ifrs.org/taxonomy/2022-03-24/full_ifrs/full_ifrs-cor_2022-03-24.xsd#ifrs-full_CurrentBorrowingsAndCurrentPortionOfNoncurrentBorrowings" xlink:label="ifrs-full_CurrentBorrowingsAndCurrentPortionOfNoncurrentBorrowings" />
    <loc xlink:type="locator" xlink:href="https://xbrl.ifrs.org/taxonomy/2022-03-24/full_ifrs/full_ifrs-cor_2022-03-24.xsd#ifrs-full_NoncurrentProvisionsForEmployeeBenefits" xlink:label="ifrs-full_NoncurrentProvisionsForEmployeeBenefits" />
    <loc xlink:type="locator" xlink:href="https://xbrl.ifrs.org/taxonomy/2022-03-24/full_ifrs/full_ifrs-cor_2022-03-24.xsd#ifrs-full_IntangibleAssetsOtherThanGoodwill" xlink:label="ifrs-full_IntangibleAssetsOtherThanGoodwill" />
    <loc xlink:type="locator" xlink:href="https://xbrl.ifrs.org/taxonomy/2022-03-24/full_ifrs/full_ifrs-cor_2022-03-24.xsd#ifrs-full_Inventories" xlink:label="ifrs-full_Inventories" />
    <loc xlink:type="locator" xlink:href="https://xbrl.ifrs.org/taxonomy/2022-03-24/full_ifrs/full_ifrs-cor_2022-03-24.xsd#ifrs-full_Liabilities" xlink:label="ifrs-full_Liabilities" />
    <loc xlink:type="locator" xlink:href="https://xbrl.ifrs.org/taxonomy/2022-03-24/full_ifrs/full_ifrs-cor_2022-03-24.xsd#ifrs-full_LongtermBorrowings" xlink:label="ifrs-full_LongtermBorrowings" />
    <loc xlink:type="locator" xlink:href="https://xbrl.ifrs.org/taxonomy/2022-03-24/full_ifrs/full_ifrs-cor_2022-03-24.xsd#ifrs-full_TradeAndOtherCurrentReceivables" xlink:label="ifrs-full_TradeAndOtherCurrentReceivables" />
    <loc xlink:type="locator" xlink:href="https://xbrl.ifrs.org/taxonomy/2022-03-24/full_ifrs/full_ifrs-cor_2022-03-24.xsd#ifrs-full_CurrentLiabilities" xlink:label="ifrs-full_CurrentLiabilities" />
    <loc xlink:type="locator" xlink:href="https://xbrl.ifrs.org/taxonomy/2022-03-24/full_ifrs/full_ifrs-cor_2022-03-24.xsd#ifrs-full_CurrentLoansAndReceivables" xlink:label="ifrs-full_CurrentLoansAndReceivables" />
    <loc xlink:type="locator" xlink:href="https://xbrl.ifrs.org/taxonomy/2022-03-24/full_ifrs/full_ifrs-cor_2022-03-24.xsd#ifrs-full_PropertyPlantAndEquipment" xlink:label="ifrs-full_PropertyPlantAndEquipment" />
    <loc xlink:type="locator" xlink:href="https://xbrl.ifrs.org/taxonomy/2022-03-24/full_ifrs/full_ifrs-cor_2022-03-24.xsd#ifrs-full_SharePremium" xlink:label="ifrs-full_SharePremium" />
    <loc xlink:type="locator" xlink:href="https://xbrl.ifrs.org/taxonomy/2022-03-24/full_ifrs/full_ifrs-cor_2022-03-24.xsd#ifrs-full_CurrentAssets" xlink:label="ifrs-full_CurrentAssets" />
    <loc xlink:type="locator" xlink:href="https://xbrl.ifrs.org/taxonomy/2022-03-24/full_ifrs/full_ifrs-cor_2022-03-24.xsd#ifrs-full_NoncurrentAssets" xlink:label="ifrs-full_NoncurrentAssets" />
    <loc xlink:type="locator" xlink:href="https://xbrl.ifrs.org/taxonomy/2022-03-24/full_ifrs/full_ifrs-cor_2022-03-24.xsd#ifrs-full_DeferredTaxLiabilities" xlink:label="ifrs-full_DeferredTaxLiabilities" />
    <loc xlink:type="locator" xlink:href="https://xbrl.ifrs.org/taxonomy/2022-03-24/full_ifrs/full_ifrs-cor_2022-03-24.xsd#ifrs-full_TreasuryShares" xlink:label="ifrs-full_TreasuryShares" />
    <loc xlink:type="locator" xlink:href="https://xbrl.ifrs.org/taxonomy/2022-03-24/full_ifrs/full_ifrs-cor_2022-03-24.xsd#ifrs-full_NoncurrentLoansAndReceivables" xlink:label="ifrs-full_NoncurrentLoansAndReceivables" />
    <loc xlink:type="locator" xlink:href="https://xbrl.ifrs.org/taxonomy/2022-03-24/full_ifrs/full_ifrs-cor_2022-03-24.xsd#ifrs-full_NoncurrentLiabilities" xlink:label="ifrs-full_NoncurrentLiabilities" />
    <loc xlink:type="locator" xlink:href="https://xbrl.ifrs.org/taxonomy/2022-03-24/full_ifrs/full_ifrs-cor_2022-03-24.xsd#ifrs-full_IssuedCapital" xlink:label="ifrs-full_IssuedCapital" />
    <loc xlink:type="locator" xlink:href="https://xbrl.ifrs.org/taxonomy/2022-03-24/full_ifrs/full_ifrs-cor_2022-03-24.xsd#ifrs-full_NoncurrentPrepayments" xlink:label="ifrs-full_NoncurrentPrepayments" />
    <loc xlink:type="locator" xlink:href="https://xbrl.ifrs.org/taxonomy/2022-03-24/full_ifrs/full_ifrs-cor_2022-03-24.xsd#ifrs-full_NoncurrentAdvances" xlink:label="ifrs-full_NoncurrentAdvances" />
    <loc xlink:type="locator" xlink:href="https://xbrl.ifrs.org/taxonomy/2022-03-24/full_ifrs/full_ifrs-cor_2022-03-24.xsd#ifrs-full_Equity" xlink:label="ifrs-full_Equity" />
    <loc xlink:type="locator" xlink:href="https://xbrl.ifrs.org/taxonomy/2022-03-24/full_ifrs/full_ifrs-cor_2022-03-24.xsd#ifrs-full_TradeAndOtherCurrentPayables" xlink:label="ifrs-full_TradeAndOtherCurrentPayables" />
    <loc xlink:type="locator" xlink:href="https://xbrl.ifrs.org/taxonomy/2022-03-24/full_ifrs/full_ifrs-cor_2022-03-24.xsd#ifrs-full_InvestmentsInSubsidiaries" xlink:label="ifrs-full_InvestmentsInSubsidiaries" />
    <loc xlink:type="locator" xlink:href="https://xbrl.ifrs.org/taxonomy/2022-03-24/full_ifrs/full_ifrs-cor_2022-03-24.xsd#ifrs-full_CashAndCashEquivalents" xlink:label="ifrs-full_CashAndCashEquivalents" />
    <loc xlink:type="locator" xlink:href="https://xbrl.ifrs.org/taxonomy/2022-03-24/full_ifrs/full_ifrs-cor_2022-03-24.xsd#ifrs-full_CurrentGovernmentGrants" xlink:label="ifrs-full_CurrentGovernmentGrants" />
    <loc xlink:type="locator" xlink:href="https://xbrl.ifrs.org/taxonomy/2022-03-24/full_ifrs/full_ifrs-cor_2022-03-24.xsd#ifrs-full_CurrentProvisionsForEmployeeBenefits" xlink:label="ifrs-full_CurrentProvisionsForEmployeeBenefits" />
    <loc xlink:type="locator" xlink:href="https://xbrl.ifrs.org/taxonomy/2022-03-24/full_ifrs/full_ifrs-cor_2022-03-24.xsd#ifrs-full_RetainedEarnings" xlink:label="ifrs-full_RetainedEarnings" />
    <loc xlink:type="locator" xlink:href="https://xbrl.ifrs.org/taxonomy/2022-03-24/full_ifrs/full_ifrs-cor_2022-03-24.xsd#ifrs-full_EquityAndLiabilities" xlink:label="ifrs-full_EquityAndLiabilities" />
    <loc xlink:type="locator" xlink:href="https://xbrl.ifrs.org/taxonomy/2022-03-24/full_ifrs/full_ifrs-cor_2022-03-24.xsd#ifrs-full_CurrentTaxLiabilitiesCurrent" xlink:label="ifrs-full_CurrentTaxLiabilitiesCurrent" />
    <loc xlink:type="locator" xlink:href="https://xbrl.ifrs.org/taxonomy/2022-03-24/full_ifrs/full_ifrs-cor_2022-03-24.xsd#ifrs-full_CurrentTaxAssetsCurrent" xlink:label="ifrs-full_CurrentTaxAssetsCurrent" />
    <loc xlink:type="locator" xlink:href="https://xbrl.ifrs.org/taxonomy/2022-03-24/full_ifrs/full_ifrs-cor_2022-03-24.xsd#ifrs-full_Assets" xlink:label="ifrs-full_Assets" />
    <loc xlink:type="locator" xlink:href="https://xbrl.ifrs.org/taxonomy/2022-03-24/full_ifrs/full_ifrs-cor_2022-03-24.xsd#ifrs-full_NoncurrentGovernmentGrants" xlink:label="ifrs-full_NoncurrentGovernmentGrants" />
    <calculationArc xlink:type="arc" xlink:from="ifrs-full_NoncurrentAssets" xlink:to="ifrs-full_PropertyPlantAndEquipment" order="6" xlink:arcrole="http://www.xbrl.org/2003/arcrole/summation-item" priority="1" weight="1.0" />
    <calculationArc xlink:type="arc" xlink:from="ifrs-full_NoncurrentAssets" xlink:to="ifrs-full_IntangibleAssetsOtherThanGoodwill" order="7" xlink:arcrole="http://www.xbrl.org/2003/arcrole/summation-item" priority="1" weight="1.0" />
    <calculationArc xlink:type="arc" xlink:from="ifrs-full_NoncurrentAssets" xlink:to="ifrs-full_InvestmentsInSubsidiaries" order="8" xlink:arcrole="http://www.xbrl.org/2003/arcrole/summation-item" priority="1" weight="1.0" />
    <calculationArc xlink:type="arc" xlink:from="ifrs-full_NoncurrentAssets" xlink:to="ifrs-full_NoncurrentPrepayments" order="9" xlink:arcrole="http://www.xbrl.org/2003/arcrole/summation-item" priority="1" weight="1.0" />
    <calculationArc xlink:type="arc" xlink:from="ifrs-full_NoncurrentAssets" xlink:to="ifrs-full_NoncurrentLoansAndReceivables" order="10" xlink:arcrole="http://www.xbrl.org/2003/arcrole/summation-item" priority="1" weight="1.0" />
    <calculationArc xlink:type="arc" xlink:from="ifrs-full_CurrentAssets" xlink:to="ifrs-full_Inventories" order="13" xlink:arcrole="http://www.xbrl.org/2003/arcrole/summation-item" priority="1" weight="1.0" />
    <calculationArc xlink:type="arc" xlink:from="ifrs-full_CurrentAssets" xlink:to="ifrs-full_CurrentLoansAndReceivables" order="14" xlink:arcrole="http://www.xbrl.org/2003/arcrole/summation-item" priority="1" weight="1.0" />
    <calculationArc xlink:type="arc" xlink:from="ifrs-full_CurrentAssets" xlink:to="ifrs-full_TradeAndOtherCurrentReceivables" order="15" xlink:arcrole="http://www.xbrl.org/2003/arcrole/summation-item" priority="1" weight="1.0" />
    <calculationArc xlink:type="arc" xlink:from="ifrs-full_CurrentAssets" xlink:to="ifrs-full_CurrentTaxAssetsCurrent" order="16" xlink:arcrole="http://www.xbrl.org/2003/arcrole/summation-item" priority="1" weight="1.0" />
    <calculationArc xlink:type="arc" xlink:from="ifrs-full_CurrentAssets" xlink:to="ifrs-full_CashAndCashEquivalents" order="17" xlink:arcrole="http://www.xbrl.org/2003/arcrole/summation-item" priority="1" weight="1.0" />
    <calculationArc xlink:type="arc" xlink:from="ifrs-full_Assets" xlink:to="ifrs-full_CurrentAssets" order="18" xlink:arcrole="http://www.xbrl.org/2003/arcrole/summation-item" priority="1" weight="1.0" />
    <calculationArc xlink:type="arc" xlink:from="ifrs-full_Assets" xlink:to="ifrs-full_NoncurrentAssets" order="11" xlink:arcrole="http://www.xbrl.org/2003/arcrole/summation-item" priority="1" weight="1.0" />
    <calculationArc xlink:type="arc" xlink:from="ifrs-full_Equity" xlink:to="ifrs-full_IssuedCapital" order="22" xlink:arcrole="http://www.xbrl.org/2003/arcrole/summation-item" priority="1" weight="1.0" />
    <calculationArc xlink:type="arc" xlink:from="ifrs-full_Equity" xlink:to="ifrs-full_SharePremium" order="23" xlink:arcrole="http://www.xbrl.org/2003/arcrole/summation-item" priority="1" weight="1.0" />
    <calculationArc xlink:type="arc" xlink:from="ifrs-full_Equity" xlink:to="ifrs-full_CapitalRedemptionReserve" order="24" xlink:arcrole="http://www.xbrl.org/2003/arcrole/summation-item" priority="1" weight="1.0" />
    <calculationArc xlink:type="arc" xlink:from="ifrs-full_Equity" xlink:to="ifrs-full_TreasuryShares" order="25" xlink:arcrole="http://www.xbrl.org/2003/arcrole/summation-item" priority="1" weight="-1.0" />
    <calculationArc xlink:type="arc" xlink:from="ifrs-full_Equity" xlink:to="ifrs-full_OtherReserves" order="26" xlink:arcrole="http://www.xbrl.org/2003/arcrole/summation-item" priority="1" weight="1.0" />
    <calculationArc xlink:type="arc" xlink:from="ifrs-full_Equity" xlink:to="ifrs-full_RetainedEarnings" order="27" xlink:arcrole="http://www.xbrl.org/2003/arcrole/summation-item" priority="1" weight="1.0" />
    <calculationArc xlink:type="arc" xlink:from="ifrs-full_NoncurrentLiabilities" xlink:to="ifrs-full_LongtermBorrowings" order="31" xlink:arcrole="http://www.xbrl.org/2003/arcrole/summation-item" priority="1" weight="1.0" />
    <calculationArc xlink:type="arc" xlink:from="ifrs-full_NoncurrentLiabilities" xlink:to="ifrs-full_DeferredTaxLiabilities" order="32" xlink:arcrole="http://www.xbrl.org/2003/arcrole/summation-item" priority="1" weight="1.0" />
    <calculationArc xlink:type="arc" xlink:from="ifrs-full_NoncurrentLiabilities" xlink:to="ifrs-full_NoncurrentGovernmentGrants" order="33" xlink:arcrole="http://www.xbrl.org/2003/arcrole/summation-item" priority="1" weight="1.0" />
    <calculationArc xlink:type="arc" xlink:from="ifrs-full_NoncurrentLiabilities" xlink:to="ifrs-full_NoncurrentAdvances" order="34" xlink:arcrole="http://www.xbrl.org/2003/arcrole/summation-item" priority="1" weight="1.0" />
    <calculationArc xlink:type="arc" xlink:from="ifrs-full_NoncurrentLiabilities" xlink:to="ifrs-full_NoncurrentProvisionsForEmployeeBenefits" order="35" xlink:arcrole="http://www.xbrl.org/2003/arcrole/summation-item" priority="1" weight="1.0" />
    <calculationArc xlink:type="arc" xlink:from="ifrs-full_CurrentLiabilities" xlink:to="ifrs-full_CurrentBorrowingsAndCurrentPortionOfNoncurrentBorrowings" order="38" xlink:arcrole="http://www.xbrl.org/2003/arcrole/summation-item" priority="1" weight="1.0" />
    <calculationArc xlink:type="arc" xlink:from="ifrs-full_CurrentLiabilities" xlink:to="ifrs-full_CurrentGovernmentGrants" order="39" xlink:arcrole="http://www.xbrl.org/2003/arcrole/summation-item" priority="1" weight="1.0" />
    <calculationArc xlink:type="arc" xlink:from="ifrs-full_CurrentLiabilities" xlink:to="ifrs-full_TradeAndOtherCurrentPayables" order="40" xlink:arcrole="http://www.xbrl.org/2003/arcrole/summation-item" priority="1" weight="1.0" />
    <calculationArc xlink:type="arc" xlink:from="ifrs-full_CurrentLiabilities" xlink:to="ifrs-full_CurrentTaxLiabilitiesCurrent" order="41" xlink:arcrole="http://www.xbrl.org/2003/arcrole/summation-item" priority="1" weight="1.0" />
    <calculationArc xlink:type="arc" xlink:from="ifrs-full_CurrentLiabilities" xlink:to="ifrs-full_CurrentProvisionsForEmployeeBenefits" order="42" xlink:arcrole="http://www.xbrl.org/2003/arcrole/summation-item" priority="1" weight="1.0" />
    <calculationArc xlink:type="arc" xlink:from="ifrs-full_Liabilities" xlink:to="ifrs-full_CurrentLiabilities" order="43" xlink:arcrole="http://www.xbrl.org/2003/arcrole/summation-item" priority="1" weight="1.0" />
    <calculationArc xlink:type="arc" xlink:from="ifrs-full_Liabilities" xlink:to="ifrs-full_NoncurrentLiabilities" order="36" xlink:arcrole="http://www.xbrl.org/2003/arcrole/summation-item" priority="1" weight="1.0" />
    <calculationArc xlink:type="arc" xlink:from="ifrs-full_EquityAndLiabilities" xlink:to="ifrs-full_Liabilities" order="44" xlink:arcrole="http://www.xbrl.org/2003/arcrole/summation-item" priority="1" weight="1.0" />
    <calculationArc xlink:type="arc" xlink:from="ifrs-full_EquityAndLiabilities" xlink:to="ifrs-full_Equity" order="28" xlink:arcrole="http://www.xbrl.org/2003/arcrole/summation-item" priority="1" weight="1.0" />
  </calculationLink>
  <calculationLink xlink:role="http://akcinbendrovrokikiosris.com/xbrl/2023/roles/StatementOfCashFlows" xlink:type="extended" xmlns:xlink="http://www.w3.org/1999/xlink">
    <loc xlink:type="locator" xlink:href="https://xbrl.ifrs.org/taxonomy/2022-03-24/full_ifrs/full_ifrs-cor_2022-03-24.xsd#ifrs-full_InterestPaidClassifiedAsOperatingActivities" xlink:label="ifrs-full_InterestPaidClassifiedAsOperatingActivities" />
    <loc xlink:type="locator" xlink:href="https://xbrl.ifrs.org/taxonomy/2022-03-24/full_ifrs/full_ifrs-cor_2022-03-24.xsd#ifrs-full_CashFlowsFromUsedInOperatingActivities" xlink:label="ifrs-full_CashFlowsFromUsedInOperatingActivities" />
    <loc xlink:type="locator" xlink:href="https://xbrl.ifrs.org/taxonomy/2022-03-24/full_ifrs/full_ifrs-cor_2022-03-24.xsd#ifrs-full_IncomeTaxesPaidRefundClassifiedAsOperatingActivities" xlink:label="ifrs-full_IncomeTaxesPaidRefundClassifiedAsOperatingActivities" />
    <loc xlink:type="locator" xlink:href="https://xbrl.ifrs.org/taxonomy/2022-03-24/full_ifrs/full_ifrs-cor_2022-03-24.xsd#ifrs-full_CashAdvancesAndLoansMadeToOtherPartiesClassifiedAsInvestingActivities" xlink:label="ifrs-full_CashAdvancesAndLoansMadeToOtherPartiesClassifiedAsInvestingActivities" />
    <loc xlink:type="locator" xlink:href="https://xbrl.ifrs.org/taxonomy/2022-03-24/full_ifrs/full_ifrs-cor_2022-03-24.xsd#ifrs-full_CashFlowsFromUsedInOperations" xlink:label="ifrs-full_CashFlowsFromUsedInOperations" />
    <loc xlink:type="locator" xlink:href="https://xbrl.ifrs.org/taxonomy/2022-03-24/full_ifrs/full_ifrs-cor_2022-03-24.xsd#ifrs-full_CashReceiptsFromRepaymentOfAdvancesAndLoansMadeToOtherPartiesClassifiedAsInvestingActivities" xlink:label="ifrs-full_CashReceiptsFromRepaymentOfAdvancesAndLoansMadeToOtherPartiesClassifiedAsInvestingActivities" />
    <loc xlink:type="locator" xlink:href="https://xbrl.ifrs.org/taxonomy/2022-03-24/full_ifrs/full_ifrs-cor_2022-03-24.xsd#ifrs-full_IncreaseDecreaseInCashAndCashEquivalents" xlink:label="ifrs-full_IncreaseDecreaseInCashAndCashEquivalents" />
    <loc xlink:type="locator" xlink:href="https://xbrl.ifrs.org/taxonomy/2022-03-24/full_ifrs/full_ifrs-cor_2022-03-24.xsd#ifrs-full_CashFlowsFromUsedInFinancingActivities" xlink:label="ifrs-full_CashFlowsFromUsedInFinancingActivities" />
    <loc xlink:type="locator" xlink:href="https://xbrl.ifrs.org/taxonomy/2022-03-24/full_ifrs/full_ifrs-cor_2022-03-24.xsd#ifrs-full_DividendsPaidClassifiedAsFinancingActivities" xlink:label="ifrs-full_DividendsPaidClassifiedAsFinancingActivities" />
    <loc xlink:type="locator" xlink:href="https://xbrl.ifrs.org/taxonomy/2022-03-24/full_ifrs/full_ifrs-cor_2022-03-24.xsd#ifrs-full_ProceedsFromSalesOfPropertyPlantAndEquipmentClassifiedAsInvestingActivities" xlink:label="ifrs-full_ProceedsFromSalesOfPropertyPlantAndEquipmentClassifiedAsInvestingActivities" />
    <loc xlink:type="locator" xlink:href="https://xbrl.ifrs.org/taxonomy/2022-03-24/full_ifrs/full_ifrs-cor_2022-03-24.xsd#ifrs-full_DividendsReceivedClassifiedAsInvestingActivities" xlink:label="ifrs-full_DividendsReceivedClassifiedAsInvestingActivities" />
    <loc xlink:type="locator" xlink:href="https://xbrl.ifrs.org/taxonomy/2022-03-24/full_ifrs/full_ifrs-cor_2022-03-24.xsd#ifrs-full_PurchaseOfPropertyPlantAndEquipmentClassifiedAsInvestingActivities" xlink:label="ifrs-full_PurchaseOfPropertyPlantAndEquipmentClassifiedAsInvestingActivities" />
    <loc xlink:type="locator" xlink:href="https://xbrl.ifrs.org/taxonomy/2022-03-24/full_ifrs/full_ifrs-cor_2022-03-24.xsd#ifrs-full_InterestReceivedClassifiedAsInvestingActivities" xlink:label="ifrs-full_InterestReceivedClassifiedAsInvestingActivities" />
    <loc xlink:type="locator" xlink:href="https://xbrl.ifrs.org/taxonomy/2022-03-24/full_ifrs/full_ifrs-cor_2022-03-24.xsd#ifrs-full_RepaymentsOfBorrowingsClassifiedAsFinancingActivities" xlink:label="ifrs-full_RepaymentsOfBorrowingsClassifiedAsFinancingActivities" />
    <loc xlink:type="locator" xlink:href="https://xbrl.ifrs.org/taxonomy/2022-03-24/full_ifrs/full_ifrs-cor_2022-03-24.xsd#ifrs-full_CashAdvancesAndLoansMadeToRelatedParties" xlink:label="ifrs-full_CashAdvancesAndLoansMadeToRelatedParties" />
    <loc xlink:type="locator" xlink:href="https://xbrl.ifrs.org/taxonomy/2022-03-24/full_ifrs/full_ifrs-cor_2022-03-24.xsd#ifrs-full_CashFlowsUsedInObtainingControlOfSubsidiariesOrOtherBusinessesClassifiedAsInvestingActivities" xlink:label="ifrs-full_CashFlowsUsedInObtainingControlOfSubsidiariesOrOtherBusinessesClassifiedAsInvestingActivities" />
    <loc xlink:type="locator" xlink:href="https://xbrl.ifrs.org/taxonomy/2022-03-24/full_ifrs/full_ifrs-cor_2022-03-24.xsd#ifrs-full_ProceedsFromBorrowingsClassifiedAsFinancingActivities" xlink:label="ifrs-full_ProceedsFromBorrowingsClassifiedAsFinancingActivities" />
    <loc xlink:type="locator" xlink:href="https://xbrl.ifrs.org/taxonomy/2022-03-24/full_ifrs/full_ifrs-cor_2022-03-24.xsd#ifrs-full_PurchaseOfIntangibleAssetsClassifiedAsInvestingActivities" xlink:label="ifrs-full_PurchaseOfIntangibleAssetsClassifiedAsInvestingActivities" />
    <loc xlink:type="locator" xlink:href="https://xbrl.ifrs.org/taxonomy/2022-03-24/full_ifrs/full_ifrs-cor_2022-03-24.xsd#ifrs-full_CashFlowsFromUsedInInvestingActivities" xlink:label="ifrs-full_CashFlowsFromUsedInInvestingActivities" />
    <calculationArc xlink:type="arc" xlink:from="ifrs-full_CashFlowsFromUsedInOperatingActivities" xlink:to="ifrs-full_CashFlowsFromUsedInOperations" order="6" xlink:arcrole="http://www.xbrl.org/2003/arcrole/summation-item" priority="1" weight="1.0" />
    <calculationArc xlink:type="arc" xlink:from="ifrs-full_CashFlowsFromUsedInOperatingActivities" xlink:to="ifrs-full_InterestPaidClassifiedAsOperatingActivities" order="7" xlink:arcrole="http://www.xbrl.org/2003/arcrole/summation-item" priority="1" weight="-1.0" />
    <calculationArc xlink:type="arc" xlink:from="ifrs-full_CashFlowsFromUsedInOperatingActivities" xlink:to="ifrs-full_IncomeTaxesPaidRefundClassifiedAsOperatingActivities" order="8" xlink:arcrole="http://www.xbrl.org/2003/arcrole/summation-item" priority="1" weight="1.0" />
    <calculationArc xlink:type="arc" xlink:from="ifrs-full_CashFlowsFromUsedInInvestingActivities" xlink:to="ifrs-full_PurchaseOfPropertyPlantAndEquipmentClassifiedAsInvestingActivities" order="11" xlink:arcrole="http://www.xbrl.org/2003/arcrole/summation-item" priority="1" weight="-1.0" />
    <calculationArc xlink:type="arc" xlink:from="ifrs-full_CashFlowsFromUsedInInvestingActivities" xlink:to="ifrs-full_PurchaseOfIntangibleAssetsClassifiedAsInvestingActivities" order="12" xlink:arcrole="http://www.xbrl.org/2003/arcrole/summation-item" priority="1" weight="-1.0" />
    <calculationArc xlink:type="arc" xlink:from="ifrs-full_CashFlowsFromUsedInInvestingActivities" xlink:to="ifrs-full_CashFlowsUsedInObtainingControlOfSubsidiariesOrOtherBusinessesClassifiedAsInvestingActivities" order="13" xlink:arcrole="http://www.xbrl.org/2003/arcrole/summation-item" priority="1" weight="-1.0" />
    <calculationArc xlink:type="arc" xlink:from="ifrs-full_CashFlowsFromUsedInInvestingActivities" xlink:to="ifrs-full_CashAdvancesAndLoansMadeToRelatedParties" order="14" xlink:arcrole="http://www.xbrl.org/2003/arcrole/summation-item" priority="1" weight="-1.0" />
    <calculationArc xlink:type="arc" xlink:from="ifrs-full_CashFlowsFromUsedInInvestingActivities" xlink:to="ifrs-full_CashAdvancesAndLoansMadeToOtherPartiesClassifiedAsInvestingActivities" order="15" xlink:arcrole="http://www.xbrl.org/2003/arcrole/summation-item" priority="1" weight="-1.0" />
    <calculationArc xlink:type="arc" xlink:from="ifrs-full_CashFlowsFromUsedInInvestingActivities" xlink:to="ifrs-full_ProceedsFromSalesOfPropertyPlantAndEquipmentClassifiedAsInvestingActivities" order="16" xlink:arcrole="http://www.xbrl.org/2003/arcrole/summation-item" priority="1" weight="1.0" />
    <calculationArc xlink:type="arc" xlink:from="ifrs-full_CashFlowsFromUsedInInvestingActivities" xlink:to="ifrs-full_CashReceiptsFromRepaymentOfAdvancesAndLoansMadeToOtherPartiesClassifiedAsInvestingActivities" order="17" xlink:arcrole="http://www.xbrl.org/2003/arcrole/summation-item" priority="1" weight="1.0" />
    <calculationArc xlink:type="arc" xlink:from="ifrs-full_CashFlowsFromUsedInInvestingActivities" xlink:to="ifrs-full_InterestReceivedClassifiedAsInvestingActivities" order="18" xlink:arcrole="http://www.xbrl.org/2003/arcrole/summation-item" priority="1" weight="1.0" />
    <calculationArc xlink:type="arc" xlink:from="ifrs-full_CashFlowsFromUsedInInvestingActivities" xlink:to="ifrs-full_DividendsReceivedClassifiedAsInvestingActivities" order="19" xlink:arcrole="http://www.xbrl.org/2003/arcrole/summation-item" priority="1" weight="1.0" />
    <calculationArc xlink:type="arc" xlink:from="ifrs-full_CashFlowsFromUsedInFinancingActivities" xlink:to="ifrs-full_DividendsPaidClassifiedAsFinancingActivities" order="22" xlink:arcrole="http://www.xbrl.org/2003/arcrole/summation-item" priority="1" weight="-1.0" />
    <calculationArc xlink:type="arc" xlink:from="ifrs-full_CashFlowsFromUsedInFinancingActivities" xlink:to="ifrs-full_RepaymentsOfBorrowingsClassifiedAsFinancingActivities" order="23" xlink:arcrole="http://www.xbrl.org/2003/arcrole/summation-item" priority="1" weight="-1.0" />
    <calculationArc xlink:type="arc" xlink:from="ifrs-full_CashFlowsFromUsedInFinancingActivities" xlink:to="ifrs-full_ProceedsFromBorrowingsClassifiedAsFinancingActivities" order="24" xlink:arcrole="http://www.xbrl.org/2003/arcrole/summation-item" priority="1" weight="1.0" />
    <calculationArc xlink:type="arc" xlink:from="ifrs-full_IncreaseDecreaseInCashAndCashEquivalents" xlink:to="ifrs-full_CashFlowsFromUsedInOperatingActivities" order="9" xlink:arcrole="http://www.xbrl.org/2003/arcrole/summation-item" priority="1" weight="1.0" />
    <calculationArc xlink:type="arc" xlink:from="ifrs-full_IncreaseDecreaseInCashAndCashEquivalents" xlink:to="ifrs-full_CashFlowsFromUsedInInvestingActivities" order="20" xlink:arcrole="http://www.xbrl.org/2003/arcrole/summation-item" priority="1" weight="1.0" />
    <calculationArc xlink:type="arc" xlink:from="ifrs-full_IncreaseDecreaseInCashAndCashEquivalents" xlink:to="ifrs-full_CashFlowsFromUsedInFinancingActivities" order="25" xlink:arcrole="http://www.xbrl.org/2003/arcrole/summation-item" priority="1" weight="1.0" />
  </calculationLink>
</linkbase>