﻿<?xml version="1.0" encoding="utf-8"?>
<linkbase xsi:schemaLocation="http://www.xbrl.org/2003/linkbase http://www.xbrl.org/2003/xbrl-linkbase-2003-12-31.xsd" xmlns:xsi="http://www.w3.org/2001/XMLSchema-instance" xmlns="http://www.xbrl.org/2003/linkbase">
  <labelLink xlink:role="http://www.xbrl.org/2003/role/link" xlink:type="extended" xmlns:xlink="http://www.w3.org/1999/xlink">
    <loc xlink:type="locator" xlink:href="https://xbrl.ifrs.org/taxonomy/2022-03-24/full_ifrs/full_ifrs-cor_2022-03-24.xsd#ifrs-full_IncomeTaxExpenseContinuingOperations" xlink:label="ifrs-full_IncomeTaxExpenseContinuingOperations" />
    <loc xlink:type="locator" xlink:href="https://xbrl.ifrs.org/taxonomy/2022-03-24/full_ifrs/full_ifrs-cor_2022-03-24.xsd#ifrs-full_ProfitLossBeforeTax" xlink:label="ifrs-full_ProfitLossBeforeTax" />
    <loc xlink:type="locator" xlink:href="https://xbrl.ifrs.org/taxonomy/2022-03-24/full_ifrs/full_ifrs-cor_2022-03-24.xsd#ifrs-full_NoncurrentLoansAndReceivables" xlink:label="ifrs-full_NoncurrentLoansAndReceivables" />
    <loc xlink:type="locator" xlink:href="https://xbrl.ifrs.org/taxonomy/2022-03-24/full_ifrs/full_ifrs-cor_2022-03-24.xsd#ifrs-full_DeferredTaxLiabilities" xlink:label="ifrs-full_DeferredTaxLiabilities" />
    <loc xlink:type="locator" xlink:href="https://xbrl.ifrs.org/taxonomy/2022-03-24/full_ifrs/full_ifrs-cor_2022-03-24.xsd#ifrs-full_Revenue" xlink:label="ifrs-full_Revenue" />
    <loc xlink:type="locator" xlink:href="https://xbrl.ifrs.org/taxonomy/2022-03-24/full_ifrs/full_ifrs-cor_2022-03-24.xsd#ifrs-full_CashFlowsFromUsedInOperatingActivities" xlink:label="ifrs-full_CashFlowsFromUsedInOperatingActivities" />
    <loc xlink:type="locator" xlink:href="https://xbrl.ifrs.org/taxonomy/2022-03-24/full_ifrs/full_ifrs-cor_2022-03-24.xsd#ifrs-full_DividendsPaidClassifiedAsFinancingActivities" xlink:label="ifrs-full_DividendsPaidClassifiedAsFinancingActivities" />
    <loc xlink:type="locator" xlink:href="https://xbrl.ifrs.org/taxonomy/2022-03-24/full_ifrs/full_ifrs-cor_2022-03-24.xsd#ifrs-full_CashFlowsUsedInObtainingControlOfSubsidiariesOrOtherBusinessesClassifiedAsInvestingActivities" xlink:label="ifrs-full_CashFlowsUsedInObtainingControlOfSubsidiariesOrOtherBusinessesClassifiedAsInvestingActivities" />
    <loc xlink:type="locator" xlink:href="https://xbrl.ifrs.org/taxonomy/2022-03-24/full_ifrs/full_ifrs-cor_2022-03-24.xsd#ifrs-full_CapitalRedemptionReserve" xlink:label="ifrs-full_CapitalRedemptionReserve" />
    <loc xlink:type="locator" xlink:href="https://xbrl.ifrs.org/taxonomy/2022-03-24/full_ifrs/full_ifrs-cor_2022-03-24.xsd#ifrs-full_CashFlowsFromUsedInOperations" xlink:label="ifrs-full_CashFlowsFromUsedInOperations" />
    <loc xlink:type="locator" xlink:href="https://xbrl.ifrs.org/taxonomy/2022-03-24/full_ifrs/full_ifrs-cor_2022-03-24.xsd#ifrs-full_OtherComprehensiveIncome" xlink:label="ifrs-full_OtherComprehensiveIncome" />
    <loc xlink:type="locator" xlink:href="https://xbrl.ifrs.org/taxonomy/2022-03-24/full_ifrs/full_ifrs-cor_2022-03-24.xsd#ifrs-full_NoncurrentGovernmentGrants" xlink:label="ifrs-full_NoncurrentGovernmentGrants" />
    <loc xlink:type="locator" xlink:href="https://xbrl.ifrs.org/taxonomy/2022-03-24/full_ifrs/full_ifrs-cor_2022-03-24.xsd#ifrs-full_CashFlowsFromUsedInFinancingActivities" xlink:label="ifrs-full_CashFlowsFromUsedInFinancingActivities" />
    <loc xlink:type="locator" xlink:href="https://xbrl.ifrs.org/taxonomy/2022-03-24/full_ifrs/full_ifrs-cor_2022-03-24.xsd#ifrs-full_DividendsReceivedClassifiedAsInvestingActivities" xlink:label="ifrs-full_DividendsReceivedClassifiedAsInvestingActivities" />
    <loc xlink:type="locator" xlink:href="https://xbrl.ifrs.org/taxonomy/2022-03-24/full_ifrs/full_ifrs-cor_2022-03-24.xsd#ifrs-full_TradeAndOtherCurrentPayables" xlink:label="ifrs-full_TradeAndOtherCurrentPayables" />
    <loc xlink:type="locator" xlink:href="https://xbrl.ifrs.org/taxonomy/2022-03-24/full_ifrs/full_ifrs-cor_2022-03-24.xsd#ifrs-full_IncomeTaxRelatingToChangesInRevaluationSurplusOfOtherComprehensiveIncome" xlink:label="ifrs-full_IncomeTaxRelatingToChangesInRevaluationSurplusOfOtherComprehensiveIncome" />
    <loc xlink:type="locator" xlink:href="https://xbrl.ifrs.org/taxonomy/2022-03-24/full_ifrs/full_ifrs-cor_2022-03-24.xsd#ifrs-full_CashAdvancesAndLoansMadeToRelatedParties" xlink:label="ifrs-full_CashAdvancesAndLoansMadeToRelatedParties" />
    <loc xlink:type="locator" xlink:href="https://xbrl.ifrs.org/taxonomy/2022-03-24/full_ifrs/full_ifrs-cor_2022-03-24.xsd#ifrs-full_CashAdvancesAndLoansMadeToOtherPartiesClassifiedAsInvestingActivities" xlink:label="ifrs-full_CashAdvancesAndLoansMadeToOtherPartiesClassifiedAsInvestingActivities" />
    <loc xlink:type="locator" xlink:href="https://xbrl.ifrs.org/taxonomy/2022-03-24/full_ifrs/full_ifrs-cor_2022-03-24.xsd#ifrs-full_ProceedsFromSalesOfPropertyPlantAndEquipmentClassifiedAsInvestingActivities" xlink:label="ifrs-full_ProceedsFromSalesOfPropertyPlantAndEquipmentClassifiedAsInvestingActivities" />
    <loc xlink:type="locator" xlink:href="https://xbrl.ifrs.org/taxonomy/2022-03-24/full_ifrs/full_ifrs-cor_2022-03-24.xsd#ifrs-full_BasicEarningsLossPerShare" xlink:label="ifrs-full_BasicEarningsLossPerShare" />
    <loc xlink:type="locator" xlink:href="https://xbrl.ifrs.org/taxonomy/2022-03-24/full_ifrs/full_ifrs-cor_2022-03-24.xsd#ifrs-full_InvestmentsInSubsidiaries" xlink:label="ifrs-full_InvestmentsInSubsidiaries" />
    <loc xlink:type="locator" xlink:href="https://xbrl.ifrs.org/taxonomy/2022-03-24/full_ifrs/full_ifrs-cor_2022-03-24.xsd#ifrs-full_Equity" xlink:label="ifrs-full_Equity" />
    <loc xlink:type="locator" xlink:href="https://xbrl.ifrs.org/taxonomy/2022-03-24/full_ifrs/full_ifrs-cor_2022-03-24.xsd#ifrs-full_LongtermBorrowings" xlink:label="ifrs-full_LongtermBorrowings" />
    <loc xlink:type="locator" xlink:href="https://xbrl.ifrs.org/taxonomy/2022-03-24/full_ifrs/full_ifrs-cor_2022-03-24.xsd#ifrs-full_IncreaseDecreaseThroughTransfersAndOtherChangesEquity" xlink:label="ifrs-full_IncreaseDecreaseThroughTransfersAndOtherChangesEquity" />
    <loc xlink:type="locator" xlink:href="https://xbrl.ifrs.org/taxonomy/2022-03-24/full_ifrs/full_ifrs-cor_2022-03-24.xsd#ifrs-full_CashReceiptsFromRepaymentOfAdvancesAndLoansMadeToOtherPartiesClassifiedAsInvestingActivities" xlink:label="ifrs-full_CashReceiptsFromRepaymentOfAdvancesAndLoansMadeToOtherPartiesClassifiedAsInvestingActivities" />
    <loc xlink:type="locator" xlink:href="https://xbrl.ifrs.org/taxonomy/2022-03-24/full_ifrs/full_ifrs-cor_2022-03-24.xsd#ifrs-full_InterestPaidClassifiedAsOperatingActivities" xlink:label="ifrs-full_InterestPaidClassifiedAsOperatingActivities" />
    <loc xlink:type="locator" xlink:href="https://xbrl.ifrs.org/taxonomy/2022-03-24/full_ifrs/full_ifrs-cor_2022-03-24.xsd#ifrs-full_CurrentProvisionsForEmployeeBenefits" xlink:label="ifrs-full_CurrentProvisionsForEmployeeBenefits" />
    <loc xlink:type="locator" xlink:href="https://xbrl.ifrs.org/taxonomy/2022-03-24/full_ifrs/full_ifrs-cor_2022-03-24.xsd#ifrs-full_IssuedCapital" xlink:label="ifrs-full_IssuedCapital" />
    <loc xlink:type="locator" xlink:href="https://xbrl.ifrs.org/taxonomy/2022-03-24/full_ifrs/full_ifrs-cor_2022-03-24.xsd#ifrs-full_OtherGainsLosses" xlink:label="ifrs-full_OtherGainsLosses" />
    <loc xlink:type="locator" xlink:href="https://xbrl.ifrs.org/taxonomy/2022-03-24/full_ifrs/full_ifrs-cor_2022-03-24.xsd#ifrs-full_OtherComprehensiveIncomeNetOfTaxGainsLossesOnRemeasurementsOfDefinedBenefitPlans" xlink:label="ifrs-full_OtherComprehensiveIncomeNetOfTaxGainsLossesOnRemeasurementsOfDefinedBenefitPlans" />
    <loc xlink:type="locator" xlink:href="https://xbrl.ifrs.org/taxonomy/2022-03-24/full_ifrs/full_ifrs-cor_2022-03-24.xsd#ifrs-full_PurchaseOfPropertyPlantAndEquipmentClassifiedAsInvestingActivities" xlink:label="ifrs-full_PurchaseOfPropertyPlantAndEquipmentClassifiedAsInvestingActivities" />
    <loc xlink:type="locator" xlink:href="https://xbrl.ifrs.org/taxonomy/2022-03-24/full_ifrs/full_ifrs-cor_2022-03-24.xsd#ifrs-full_ComprehensiveIncomeAttributableToNoncontrollingInterests" xlink:label="ifrs-full_ComprehensiveIncomeAttributableToNoncontrollingInterests" />
    <loc xlink:type="locator" xlink:href="https://xbrl.ifrs.org/taxonomy/2022-03-24/full_ifrs/full_ifrs-cor_2022-03-24.xsd#ifrs-full_ProfitLossAttributableToOwnersOfParent" xlink:label="ifrs-full_ProfitLossAttributableToOwnersOfParent" />
    <loc xlink:type="locator" xlink:href="https://xbrl.ifrs.org/taxonomy/2022-03-24/full_ifrs/full_ifrs-cor_2022-03-24.xsd#ifrs-full_IntangibleAssetsOtherThanGoodwill" xlink:label="ifrs-full_IntangibleAssetsOtherThanGoodwill" />
    <loc xlink:type="locator" xlink:href="https://xbrl.ifrs.org/taxonomy/2022-03-24/full_ifrs/full_ifrs-cor_2022-03-24.xsd#ifrs-full_ProfitLossAttributableToNoncontrollingInterests" xlink:label="ifrs-full_ProfitLossAttributableToNoncontrollingInterests" />
    <loc xlink:type="locator" xlink:href="https://xbrl.ifrs.org/taxonomy/2022-03-24/full_ifrs/full_ifrs-cor_2022-03-24.xsd#ifrs-full_NoncurrentAdvances" xlink:label="ifrs-full_NoncurrentAdvances" />
    <loc xlink:type="locator" xlink:href="https://xbrl.ifrs.org/taxonomy/2022-03-24/full_ifrs/full_ifrs-cor_2022-03-24.xsd#ifrs-full_InterestReceivedClassifiedAsInvestingActivities" xlink:label="ifrs-full_InterestReceivedClassifiedAsInvestingActivities" />
    <loc xlink:type="locator" xlink:href="https://xbrl.ifrs.org/taxonomy/2022-03-24/full_ifrs/full_ifrs-cor_2022-03-24.xsd#ifrs-full_IncreaseDecreaseThroughTransactionsWithOwners" xlink:label="ifrs-full_IncreaseDecreaseThroughTransactionsWithOwners" />
    <loc xlink:type="locator" xlink:href="https://xbrl.ifrs.org/taxonomy/2022-03-24/full_ifrs/full_ifrs-cor_2022-03-24.xsd#ifrs-full_ComprehensiveIncome" xlink:label="ifrs-full_ComprehensiveIncome" />
    <loc xlink:type="locator" xlink:href="https://xbrl.ifrs.org/taxonomy/2022-03-24/full_ifrs/full_ifrs-cor_2022-03-24.xsd#ifrs-full_CashAndCashEquivalents" xlink:label="ifrs-full_CashAndCashEquivalents" />
    <loc xlink:type="locator" xlink:href="https://xbrl.ifrs.org/taxonomy/2022-03-24/full_ifrs/full_ifrs-cor_2022-03-24.xsd#ifrs-full_Assets" xlink:label="ifrs-full_Assets" />
    <loc xlink:type="locator" xlink:href="https://xbrl.ifrs.org/taxonomy/2022-03-24/full_ifrs/full_ifrs-cor_2022-03-24.xsd#ifrs-full_EquityAndLiabilitiesAbstract" xlink:label="ifrs-full_EquityAndLiabilitiesAbstract" />
    <loc xlink:type="locator" xlink:href="https://xbrl.ifrs.org/taxonomy/2022-03-24/full_ifrs/full_ifrs-cor_2022-03-24.xsd#ifrs-full_IncreaseDecreaseInCashAndCashEquivalents" xlink:label="ifrs-full_IncreaseDecreaseInCashAndCashEquivalents" />
    <loc xlink:type="locator" xlink:href="https://xbrl.ifrs.org/taxonomy/2022-03-24/full_ifrs/full_ifrs-cor_2022-03-24.xsd#ifrs-full_CurrentLoansAndReceivables" xlink:label="ifrs-full_CurrentLoansAndReceivables" />
    <loc xlink:type="locator" xlink:href="https://xbrl.ifrs.org/taxonomy/2022-03-24/full_ifrs/full_ifrs-cor_2022-03-24.xsd#ifrs-full_DividendsPaid" xlink:label="ifrs-full_DividendsPaid" />
    <loc xlink:type="locator" xlink:href="https://xbrl.ifrs.org/taxonomy/2022-03-24/full_ifrs/full_ifrs-cor_2022-03-24.xsd#ifrs-full_CurrentTaxAssetsCurrent" xlink:label="ifrs-full_CurrentTaxAssetsCurrent" />
    <loc xlink:type="locator" xlink:href="https://xbrl.ifrs.org/taxonomy/2022-03-24/full_ifrs/full_ifrs-cor_2022-03-24.xsd#ifrs-full_ProfitLossFromOperatingActivities" xlink:label="ifrs-full_ProfitLossFromOperatingActivities" />
    <loc xlink:type="locator" xlink:href="https://xbrl.ifrs.org/taxonomy/2022-03-24/full_ifrs/full_ifrs-cor_2022-03-24.xsd#ifrs-full_CurrentGovernmentGrants" xlink:label="ifrs-full_CurrentGovernmentGrants" />
    <loc xlink:type="locator" xlink:href="https://xbrl.ifrs.org/taxonomy/2022-03-24/full_ifrs/full_ifrs-cor_2022-03-24.xsd#ifrs-full_NoncurrentPrepayments" xlink:label="ifrs-full_NoncurrentPrepayments" />
    <loc xlink:type="locator" xlink:href="https://xbrl.ifrs.org/taxonomy/2022-03-24/full_ifrs/full_ifrs-cor_2022-03-24.xsd#ifrs-full_RepaymentsOfBorrowingsClassifiedAsFinancingActivities" xlink:label="ifrs-full_RepaymentsOfBorrowingsClassifiedAsFinancingActivities" />
    <loc xlink:type="locator" xlink:href="https://xbrl.ifrs.org/taxonomy/2022-03-24/full_ifrs/full_ifrs-cor_2022-03-24.xsd#ifrs-full_TradeAndOtherCurrentReceivables" xlink:label="ifrs-full_TradeAndOtherCurrentReceivables" />
    <loc xlink:type="locator" xlink:href="https://xbrl.ifrs.org/taxonomy/2022-03-24/full_ifrs/full_ifrs-cor_2022-03-24.xsd#ifrs-full_OtherComprehensiveIncomeBeforeTaxGainsLossesOnRevaluation" xlink:label="ifrs-full_OtherComprehensiveIncomeBeforeTaxGainsLossesOnRevaluation" />
    <loc xlink:type="locator" xlink:href="https://xbrl.ifrs.org/taxonomy/2022-03-24/full_ifrs/full_ifrs-cor_2022-03-24.xsd#ifrs-full_SalesAndMarketingExpense" xlink:label="ifrs-full_SalesAndMarketingExpense" />
    <loc xlink:type="locator" xlink:href="https://xbrl.ifrs.org/taxonomy/2022-03-24/full_ifrs/full_ifrs-cor_2022-03-24.xsd#ifrs-full_DividendsRecognisedAsDistributionsToOwnersPerShare" xlink:label="ifrs-full_DividendsRecognisedAsDistributionsToOwnersPerShare" />
    <loc xlink:type="locator" xlink:href="https://xbrl.ifrs.org/taxonomy/2022-03-24/full_ifrs/full_ifrs-cor_2022-03-24.xsd#ifrs-full_ComprehensiveIncomeAttributableToOwnersOfParent" xlink:label="ifrs-full_ComprehensiveIncomeAttributableToOwnersOfParent" />
    <loc xlink:type="locator" xlink:href="https://xbrl.ifrs.org/taxonomy/2022-03-24/full_ifrs/full_ifrs-cor_2022-03-24.xsd#ifrs-full_ProfitLoss" xlink:label="ifrs-full_ProfitLoss" />
    <loc xlink:type="locator" xlink:href="https://xbrl.ifrs.org/taxonomy/2022-03-24/full_ifrs/full_ifrs-cor_2022-03-24.xsd#ifrs-full_NoncurrentProvisionsForEmployeeBenefits" xlink:label="ifrs-full_NoncurrentProvisionsForEmployeeBenefits" />
    <loc xlink:type="locator" xlink:href="https://xbrl.ifrs.org/taxonomy/2022-03-24/full_ifrs/full_ifrs-cor_2022-03-24.xsd#ifrs-full_CashFlowsFromUsedInInvestingActivities" xlink:label="ifrs-full_CashFlowsFromUsedInInvestingActivities" />
    <loc xlink:type="locator" xlink:href="https://xbrl.ifrs.org/taxonomy/2022-03-24/full_ifrs/full_ifrs-cor_2022-03-24.xsd#ifrs-full_IncomeTaxesPaidRefundClassifiedAsOperatingActivities" xlink:label="ifrs-full_IncomeTaxesPaidRefundClassifiedAsOperatingActivities" />
    <loc xlink:type="locator" xlink:href="https://xbrl.ifrs.org/taxonomy/2022-03-24/full_ifrs/full_ifrs-cor_2022-03-24.xsd#ifrs-full_PurchaseOfIntangibleAssetsClassifiedAsInvestingActivities" xlink:label="ifrs-full_PurchaseOfIntangibleAssetsClassifiedAsInvestingActivities" />
    <loc xlink:type="locator" xlink:href="https://xbrl.ifrs.org/taxonomy/2022-03-24/full_ifrs/full_ifrs-cor_2022-03-24.xsd#ifrs-full_CurrentTaxLiabilitiesCurrent" xlink:label="ifrs-full_CurrentTaxLiabilitiesCurrent" />
    <loc xlink:type="locator" xlink:href="https://xbrl.ifrs.org/taxonomy/2022-03-24/full_ifrs/full_ifrs-cor_2022-03-24.xsd#ifrs-full_ProceedsFromBorrowingsClassifiedAsFinancingActivities" xlink:label="ifrs-full_ProceedsFromBorrowingsClassifiedAsFinancingActivities" />
    <loc xlink:type="locator" xlink:href="https://xbrl.ifrs.org/taxonomy/2022-03-24/full_ifrs/full_ifrs-cor_2022-03-24.xsd#ifrs-full_AdministrativeExpense" xlink:label="ifrs-full_AdministrativeExpense" />
    <loc xlink:type="locator" xlink:href="https://xbrl.ifrs.org/taxonomy/2022-03-24/full_ifrs/full_ifrs-cor_2022-03-24.xsd#ifrs-full_Inventories" xlink:label="ifrs-full_Inventories" />
    <loc xlink:type="locator" xlink:href="https://xbrl.ifrs.org/taxonomy/2022-03-24/full_ifrs/full_ifrs-cor_2022-03-24.xsd#ifrs-full_CurrentBorrowingsAndCurrentPortionOfNoncurrentBorrowings" xlink:label="ifrs-full_CurrentBorrowingsAndCurrentPortionOfNoncurrentBorrowings" />
    <labelArc xlink:type="arc" xlink:from="ifrs-full_Revenue" xlink:to="label_abrokiskiosuris_ifrs-fullRevenue_Standard" order="1" xlink:arcrole="http://www.xbrl.org/2003/arcrole/concept-label" priority="100" />
    <labelArc xlink:type="arc" xlink:from="ifrs-full_SalesAndMarketingExpense" xlink:to="label_abrokiskiosuris_ifrs-fullSalesAndMarketingExpense_Standard" order="1" xlink:arcrole="http://www.xbrl.org/2003/arcrole/concept-label" priority="100" />
    <labelArc xlink:type="arc" xlink:from="ifrs-full_AdministrativeExpense" xlink:to="label_abrokiskiosuris_ifrs-fullAdministrativeExpense_Standard" order="1" xlink:arcrole="http://www.xbrl.org/2003/arcrole/concept-label" priority="100" />
    <labelArc xlink:type="arc" xlink:from="ifrs-full_OtherGainsLosses" xlink:to="label_abrokiskiosuris_ifrs-fullOtherGainsLosses_Standard" order="1" xlink:arcrole="http://www.xbrl.org/2003/arcrole/concept-label" priority="100" />
    <labelArc xlink:type="arc" xlink:from="ifrs-full_ProfitLossFromOperatingActivities" xlink:to="label_abrokiskiosuris_ifrs-fullProfitLossFromOperatingActivities_Standard" order="1" xlink:arcrole="http://www.xbrl.org/2003/arcrole/concept-label" priority="100" />
    <labelArc xlink:type="arc" xlink:from="ifrs-full_ProfitLossBeforeTax" xlink:to="label_abrokiskiosuris_ifrs-fullProfitLossBeforeTax_Standard" order="1" xlink:arcrole="http://www.xbrl.org/2003/arcrole/concept-label" priority="100" />
    <labelArc xlink:type="arc" xlink:from="ifrs-full_IncomeTaxExpenseContinuingOperations" xlink:to="label_abrokiskiosuris_ifrs-fullIncomeTaxExpenseContinuingOperations_Standard" order="1" xlink:arcrole="http://www.xbrl.org/2003/arcrole/concept-label" priority="100" />
    <labelArc xlink:type="arc" xlink:from="ifrs-full_ProfitLoss" xlink:to="label_abrokiskiosuris_ifrs-fullProfitLoss_Standard" order="1" xlink:arcrole="http://www.xbrl.org/2003/arcrole/concept-label" priority="100" />
    <labelArc xlink:type="arc" xlink:from="ifrs-full_ProfitLossAttributableToOwnersOfParent" xlink:to="label_abrokiskiosuris_ifrs-fullProfitLossAttributableToOwnersOfParent_Standard" order="1" xlink:arcrole="http://www.xbrl.org/2003/arcrole/concept-label" priority="100" />
    <labelArc xlink:type="arc" xlink:from="ifrs-full_ProfitLossAttributableToNoncontrollingInterests" xlink:to="label_abrokiskiosuris_ifrs-fullProfitLossAttributableToNoncontrollingInterests_Standard" order="1" xlink:arcrole="http://www.xbrl.org/2003/arcrole/concept-label" priority="100" />
    <labelArc xlink:type="arc" xlink:from="ifrs-full_BasicEarningsLossPerShare" xlink:to="label_abrokiskiosuris_ifrs-fullBasicEarningsLossPerShare_Standard" order="1" xlink:arcrole="http://www.xbrl.org/2003/arcrole/concept-label" priority="100" />
    <labelArc xlink:type="arc" xlink:from="ifrs-full_OtherComprehensiveIncomeNetOfTaxGainsLossesOnRemeasurementsOfDefinedBenefitPlans" xlink:to="label_abrokiskiosuris_ifrs-fullOtherComprehensiveIncomeNetOfTaxGainsLossesOnRemeasurementsOfDefinedBenefitPlans_Standard" order="1" xlink:arcrole="http://www.xbrl.org/2003/arcrole/concept-label" priority="100" />
    <labelArc xlink:type="arc" xlink:from="ifrs-full_OtherComprehensiveIncomeBeforeTaxGainsLossesOnRevaluation" xlink:to="label_abrokiskiosuris_ifrs-fullOtherComprehensiveIncomeBeforeTaxGainsLossesOnRevaluation_Standard" order="1" xlink:arcrole="http://www.xbrl.org/2003/arcrole/concept-label" priority="100" />
    <labelArc xlink:type="arc" xlink:from="ifrs-full_IncomeTaxRelatingToChangesInRevaluationSurplusOfOtherComprehensiveIncome" xlink:to="label_abrokiskiosuris_ifrs-fullIncomeTaxRelatingToChangesInRevaluationSurplusOfOtherComprehensiveIncome_Standard" order="1" xlink:arcrole="http://www.xbrl.org/2003/arcrole/concept-label" priority="100" />
    <labelArc xlink:type="arc" xlink:from="ifrs-full_OtherComprehensiveIncome" xlink:to="label_abrokiskiosuris_ifrs-fullOtherComprehensiveIncome_Total" order="1" xlink:arcrole="http://www.xbrl.org/2003/arcrole/concept-label" priority="100" />
    <labelArc xlink:type="arc" xlink:from="ifrs-full_ComprehensiveIncome" xlink:to="label_abrokiskiosuris_ifrs-fullComprehensiveIncome_Standard" order="1" xlink:arcrole="http://www.xbrl.org/2003/arcrole/concept-label" priority="100" />
    <labelArc xlink:type="arc" xlink:from="ifrs-full_ComprehensiveIncomeAttributableToOwnersOfParent" xlink:to="label_abrokiskiosuris_ifrs-fullComprehensiveIncomeAttributableToOwnersOfParent_Standard" order="1" xlink:arcrole="http://www.xbrl.org/2003/arcrole/concept-label" priority="100" />
    <labelArc xlink:type="arc" xlink:from="ifrs-full_ComprehensiveIncomeAttributableToNoncontrollingInterests" xlink:to="label_abrokiskiosuris_ifrs-fullComprehensiveIncomeAttributableToNoncontrollingInterests_Standard" order="1" xlink:arcrole="http://www.xbrl.org/2003/arcrole/concept-label" priority="100" />
    <labelArc xlink:type="arc" xlink:from="ifrs-full_IntangibleAssetsOtherThanGoodwill" xlink:to="label_abrokiskiosuris_ifrs-fullIntangibleAssetsOtherThanGoodwill_Standard" order="1" xlink:arcrole="http://www.xbrl.org/2003/arcrole/concept-label" priority="100" />
    <labelArc xlink:type="arc" xlink:from="ifrs-full_InvestmentsInSubsidiaries" xlink:to="label_abrokiskiosuris_ifrs-fullInvestmentsInSubsidiaries_Standard" order="1" xlink:arcrole="http://www.xbrl.org/2003/arcrole/concept-label" priority="100" />
    <labelArc xlink:type="arc" xlink:from="ifrs-full_NoncurrentPrepayments" xlink:to="label_abrokiskiosuris_ifrs-fullNoncurrentPrepayments_Standard" order="1" xlink:arcrole="http://www.xbrl.org/2003/arcrole/concept-label" priority="100" />
    <labelArc xlink:type="arc" xlink:from="ifrs-full_NoncurrentLoansAndReceivables" xlink:to="label_abrokiskiosuris_ifrs-fullNoncurrentLoansAndReceivables_Standard" order="1" xlink:arcrole="http://www.xbrl.org/2003/arcrole/concept-label" priority="100" />
    <labelArc xlink:type="arc" xlink:from="ifrs-full_Inventories" xlink:to="label_abrokiskiosuris_ifrs-fullInventories_Standard" order="1" xlink:arcrole="http://www.xbrl.org/2003/arcrole/concept-label" priority="100" />
    <labelArc xlink:type="arc" xlink:from="ifrs-full_CurrentLoansAndReceivables" xlink:to="label_abrokiskiosuris_ifrs-fullCurrentLoansAndReceivables_Standard" order="1" xlink:arcrole="http://www.xbrl.org/2003/arcrole/concept-label" priority="100" />
    <labelArc xlink:type="arc" xlink:from="ifrs-full_TradeAndOtherCurrentReceivables" xlink:to="label_abrokiskiosuris_ifrs-fullTradeAndOtherCurrentReceivables_Standard" order="1" xlink:arcrole="http://www.xbrl.org/2003/arcrole/concept-label" priority="100" />
    <labelArc xlink:type="arc" xlink:from="ifrs-full_CurrentTaxAssetsCurrent" xlink:to="label_abrokiskiosuris_ifrs-fullCurrentTaxAssetsCurrent_Standard" order="1" xlink:arcrole="http://www.xbrl.org/2003/arcrole/concept-label" priority="100" />
    <labelArc xlink:type="arc" xlink:from="ifrs-full_Assets" xlink:to="label_abrokiskiosuris_ifrs-fullAssets_Standard" order="1" xlink:arcrole="http://www.xbrl.org/2003/arcrole/concept-label" priority="100" />
    <labelArc xlink:type="arc" xlink:from="ifrs-full_IssuedCapital" xlink:to="label_abrokiskiosuris_ifrs-fullIssuedCapital_Standard" order="1" xlink:arcrole="http://www.xbrl.org/2003/arcrole/concept-label" priority="100" />
    <labelArc xlink:type="arc" xlink:from="ifrs-full_CapitalRedemptionReserve" xlink:to="label_abrokiskiosuris_ifrs-fullCapitalRedemptionReserve_Standard" order="1" xlink:arcrole="http://www.xbrl.org/2003/arcrole/concept-label" priority="100" />
    <labelArc xlink:type="arc" xlink:from="ifrs-full_LongtermBorrowings" xlink:to="label_abrokiskiosuris_ifrs-fullLongtermBorrowings_Standard" order="1" xlink:arcrole="http://www.xbrl.org/2003/arcrole/concept-label" priority="100" />
    <labelArc xlink:type="arc" xlink:from="ifrs-full_DeferredTaxLiabilities" xlink:to="label_abrokiskiosuris_ifrs-fullDeferredTaxLiabilities_Standard" order="1" xlink:arcrole="http://www.xbrl.org/2003/arcrole/concept-label" priority="100" />
    <labelArc xlink:type="arc" xlink:from="ifrs-full_NoncurrentGovernmentGrants" xlink:to="label_abrokiskiosuris_ifrs-fullNoncurrentGovernmentGrants_Standard" order="1" xlink:arcrole="http://www.xbrl.org/2003/arcrole/concept-label" priority="100" />
    <labelArc xlink:type="arc" xlink:from="ifrs-full_NoncurrentAdvances" xlink:to="label_abrokiskiosuris_ifrs-fullNoncurrentAdvances_Standard" order="1" xlink:arcrole="http://www.xbrl.org/2003/arcrole/concept-label" priority="100" />
    <labelArc xlink:type="arc" xlink:from="ifrs-full_NoncurrentProvisionsForEmployeeBenefits" xlink:to="label_abrokiskiosuris_ifrs-fullNoncurrentProvisionsForEmployeeBenefits_Standard" order="1" xlink:arcrole="http://www.xbrl.org/2003/arcrole/concept-label" priority="100" />
    <labelArc xlink:type="arc" xlink:from="ifrs-full_CurrentBorrowingsAndCurrentPortionOfNoncurrentBorrowings" xlink:to="label_abrokiskiosuris_ifrs-fullCurrentBorrowingsAndCurrentPortionOfNoncurrentBorrowings_Standard" order="1" xlink:arcrole="http://www.xbrl.org/2003/arcrole/concept-label" priority="100" />
    <labelArc xlink:type="arc" xlink:from="ifrs-full_CurrentGovernmentGrants" xlink:to="label_abrokiskiosuris_ifrs-fullCurrentGovernmentGrants_Standard" order="1" xlink:arcrole="http://www.xbrl.org/2003/arcrole/concept-label" priority="100" />
    <labelArc xlink:type="arc" xlink:from="ifrs-full_TradeAndOtherCurrentPayables" xlink:to="label_abrokiskiosuris_ifrs-fullTradeAndOtherCurrentPayables_Standard" order="1" xlink:arcrole="http://www.xbrl.org/2003/arcrole/concept-label" priority="100" />
    <labelArc xlink:type="arc" xlink:from="ifrs-full_CurrentTaxLiabilitiesCurrent" xlink:to="label_abrokiskiosuris_ifrs-fullCurrentTaxLiabilitiesCurrent_Standard" order="1" xlink:arcrole="http://www.xbrl.org/2003/arcrole/concept-label" priority="100" />
    <labelArc xlink:type="arc" xlink:from="ifrs-full_CurrentProvisionsForEmployeeBenefits" xlink:to="label_abrokiskiosuris_ifrs-fullCurrentProvisionsForEmployeeBenefits_Standard" order="1" xlink:arcrole="http://www.xbrl.org/2003/arcrole/concept-label" priority="100" />
    <labelArc xlink:type="arc" xlink:from="ifrs-full_EquityAndLiabilitiesAbstract" xlink:to="label_EquityAndLiabilitiesAbstract" order="1" xlink:arcrole="http://www.xbrl.org/2003/arcrole/concept-label" priority="100" />
    <labelArc xlink:type="arc" xlink:from="ifrs-full_Equity" xlink:to="label_abrokiskiosuris_ifrs-fullEquity_PeriodStart" order="1" xlink:arcrole="http://www.xbrl.org/2003/arcrole/concept-label" priority="100" />
    <labelArc xlink:type="arc" xlink:from="ifrs-full_OtherComprehensiveIncome" xlink:to="label_abrokiskiosuris_ifrs-fullOtherComprehensiveIncome_Standard" order="1" xlink:arcrole="http://www.xbrl.org/2003/arcrole/concept-label" priority="100" />
    <labelArc xlink:type="arc" xlink:from="ifrs-full_DividendsPaid" xlink:to="label_abrokiskiosuris_ifrs-fullDividendsPaid_Standard" order="1" xlink:arcrole="http://www.xbrl.org/2003/arcrole/concept-label" priority="100" />
    <labelArc xlink:type="arc" xlink:from="ifrs-full_IncreaseDecreaseThroughTransactionsWithOwners" xlink:to="label_abrokiskiosuris_ifrs-fullIncreaseDecreaseThroughTransactionsWithOwners_Standard" order="1" xlink:arcrole="http://www.xbrl.org/2003/arcrole/concept-label" priority="100" />
    <labelArc xlink:type="arc" xlink:from="ifrs-full_IncreaseDecreaseThroughTransfersAndOtherChangesEquity" xlink:to="label_abrokiskiosuris_ifrs-fullIncreaseDecreaseThroughTransfersAndOtherChangesEquity_Standard" order="1" xlink:arcrole="http://www.xbrl.org/2003/arcrole/concept-label" priority="100" />
    <labelArc xlink:type="arc" xlink:from="ifrs-full_Equity" xlink:to="label_abrokiskiosuris_ifrs-fullEquity_PeriodEnd" order="1" xlink:arcrole="http://www.xbrl.org/2003/arcrole/concept-label" priority="100" />
    <labelArc xlink:type="arc" xlink:from="ifrs-full_CashFlowsFromUsedInOperations" xlink:to="label_abrokiskiosuris_ifrs-fullCashFlowsFromUsedInOperations_Standard" order="1" xlink:arcrole="http://www.xbrl.org/2003/arcrole/concept-label" priority="100" />
    <labelArc xlink:type="arc" xlink:from="ifrs-full_InterestPaidClassifiedAsOperatingActivities" xlink:to="label_abrokiskiosuris_ifrs-fullInterestPaidClassifiedAsOperatingActivities_Standard" order="1" xlink:arcrole="http://www.xbrl.org/2003/arcrole/concept-label" priority="100" />
    <labelArc xlink:type="arc" xlink:from="ifrs-full_IncomeTaxesPaidRefundClassifiedAsOperatingActivities" xlink:to="label_abrokiskiosuris_ifrs-fullIncomeTaxesPaidRefundClassifiedAsOperatingActivities_Standard" order="1" xlink:arcrole="http://www.xbrl.org/2003/arcrole/concept-label" priority="100" />
    <labelArc xlink:type="arc" xlink:from="ifrs-full_CashFlowsFromUsedInOperatingActivities" xlink:to="label_abrokiskiosuris_ifrs-fullCashFlowsFromUsedInOperatingActivities_Standard" order="1" xlink:arcrole="http://www.xbrl.org/2003/arcrole/concept-label" priority="100" />
    <labelArc xlink:type="arc" xlink:from="ifrs-full_PurchaseOfPropertyPlantAndEquipmentClassifiedAsInvestingActivities" xlink:to="label_abrokiskiosuris_ifrs-fullPurchaseOfPropertyPlantAndEquipmentClassifiedAsInvestingActivities_Standard" order="1" xlink:arcrole="http://www.xbrl.org/2003/arcrole/concept-label" priority="100" />
    <labelArc xlink:type="arc" xlink:from="ifrs-full_PurchaseOfIntangibleAssetsClassifiedAsInvestingActivities" xlink:to="label_abrokiskiosuris_ifrs-fullPurchaseOfIntangibleAssetsClassifiedAsInvestingActivities_Standard" order="1" xlink:arcrole="http://www.xbrl.org/2003/arcrole/concept-label" priority="100" />
    <labelArc xlink:type="arc" xlink:from="ifrs-full_CashFlowsUsedInObtainingControlOfSubsidiariesOrOtherBusinessesClassifiedAsInvestingActivities" xlink:to="label_abrokiskiosuris_ifrs-fullCashFlowsUsedInObtainingControlOfSubsidiariesOrOtherBusinessesClassifiedAsInvestingActivities_Standard" order="1" xlink:arcrole="http://www.xbrl.org/2003/arcrole/concept-label" priority="100" />
    <labelArc xlink:type="arc" xlink:from="ifrs-full_CashAdvancesAndLoansMadeToRelatedParties" xlink:to="label_abrokiskiosuris_ifrs-fullCashAdvancesAndLoansMadeToRelatedParties_Standard" order="1" xlink:arcrole="http://www.xbrl.org/2003/arcrole/concept-label" priority="100" />
    <labelArc xlink:type="arc" xlink:from="ifrs-full_CashAdvancesAndLoansMadeToOtherPartiesClassifiedAsInvestingActivities" xlink:to="label_abrokiskiosuris_ifrs-fullCashAdvancesAndLoansMadeToOtherPartiesClassifiedAsInvestingActivities_Standard" order="1" xlink:arcrole="http://www.xbrl.org/2003/arcrole/concept-label" priority="100" />
    <labelArc xlink:type="arc" xlink:from="ifrs-full_ProceedsFromSalesOfPropertyPlantAndEquipmentClassifiedAsInvestingActivities" xlink:to="label_abrokiskiosuris_ifrs-fullProceedsFromSalesOfPropertyPlantAndEquipmentClassifiedAsInvestingActivities_Standard" order="1" xlink:arcrole="http://www.xbrl.org/2003/arcrole/concept-label" priority="100" />
    <labelArc xlink:type="arc" xlink:from="ifrs-full_CashReceiptsFromRepaymentOfAdvancesAndLoansMadeToOtherPartiesClassifiedAsInvestingActivities" xlink:to="label_abrokiskiosuris_ifrs-fullCashReceiptsFromRepaymentOfAdvancesAndLoansMadeToOtherPartiesClassifiedAsInvestingActivities_Standard" order="1" xlink:arcrole="http://www.xbrl.org/2003/arcrole/concept-label" priority="100" />
    <labelArc xlink:type="arc" xlink:from="ifrs-full_InterestReceivedClassifiedAsInvestingActivities" xlink:to="label_abrokiskiosuris_ifrs-fullInterestReceivedClassifiedAsInvestingActivities_Standard" order="1" xlink:arcrole="http://www.xbrl.org/2003/arcrole/concept-label" priority="100" />
    <labelArc xlink:type="arc" xlink:from="ifrs-full_DividendsReceivedClassifiedAsInvestingActivities" xlink:to="label_abrokiskiosuris_ifrs-fullDividendsReceivedClassifiedAsInvestingActivities_Standard" order="1" xlink:arcrole="http://www.xbrl.org/2003/arcrole/concept-label" priority="100" />
    <labelArc xlink:type="arc" xlink:from="ifrs-full_CashFlowsFromUsedInInvestingActivities" xlink:to="label_abrokiskiosuris_ifrs-fullCashFlowsFromUsedInInvestingActivities_Standard" order="1" xlink:arcrole="http://www.xbrl.org/2003/arcrole/concept-label" priority="100" />
    <labelArc xlink:type="arc" xlink:from="ifrs-full_DividendsPaidClassifiedAsFinancingActivities" xlink:to="label_abrokiskiosuris_ifrs-fullDividendsPaidClassifiedAsFinancingActivities_Standard" order="1" xlink:arcrole="http://www.xbrl.org/2003/arcrole/concept-label" priority="100" />
    <labelArc xlink:type="arc" xlink:from="ifrs-full_RepaymentsOfBorrowingsClassifiedAsFinancingActivities" xlink:to="label_abrokiskiosuris_ifrs-fullRepaymentsOfBorrowingsClassifiedAsFinancingActivities_Standard" order="1" xlink:arcrole="http://www.xbrl.org/2003/arcrole/concept-label" priority="100" />
    <labelArc xlink:type="arc" xlink:from="ifrs-full_ProceedsFromBorrowingsClassifiedAsFinancingActivities" xlink:to="label_abrokiskiosuris_ifrs-fullProceedsFromBorrowingsClassifiedAsFinancingActivities_Standard" order="1" xlink:arcrole="http://www.xbrl.org/2003/arcrole/concept-label" priority="100" />
    <labelArc xlink:type="arc" xlink:from="ifrs-full_CashFlowsFromUsedInFinancingActivities" xlink:to="label_abrokiskiosuris_ifrs-fullCashFlowsFromUsedInFinancingActivities_Standard" order="1" xlink:arcrole="http://www.xbrl.org/2003/arcrole/concept-label" priority="100" />
    <labelArc xlink:type="arc" xlink:from="ifrs-full_IncreaseDecreaseInCashAndCashEquivalents" xlink:to="label_abrokiskiosuris_ifrs-fullIncreaseDecreaseInCashAndCashEquivalents_Standard" order="1" xlink:arcrole="http://www.xbrl.org/2003/arcrole/concept-label" priority="100" />
    <labelArc xlink:type="arc" xlink:from="ifrs-full_CashAndCashEquivalents" xlink:to="label_abrokiskiosuris_ifrs-fullCashAndCashEquivalents_Standard" order="1" xlink:arcrole="http://www.xbrl.org/2003/arcrole/concept-label" priority="100" />
    <labelArc xlink:type="arc" xlink:from="ifrs-full_DividendsRecognisedAsDistributionsToOwnersPerShare" xlink:to="label_abrokiskiosuris_ifrs-fullDividendsRecognisedAsDistributionsToOwnersPerShare_Standard" order="1" xlink:arcrole="http://www.xbrl.org/2003/arcrole/concept-label" priority="100" />
    <label xlink:label="label_abrokiskiosuris_ifrs-fullRevenue_Standard" id="abrokiskiosuris_ifrs-fullRevenue_Standard" xlink:role="http://www.xbrl.org/2003/role/label" xlink:type="resource" xml:lang="en">Sales</label>
    <label xlink:label="label_abrokiskiosuris_ifrs-fullSalesAndMarketingExpense_Standard" id="abrokiskiosuris_ifrs-fullSalesAndMarketingExpense_Standard" xlink:role="http://www.xbrl.org/2003/role/label" xlink:type="resource" xml:lang="en">Selling and marketing expenses</label>
    <label xlink:label="label_abrokiskiosuris_ifrs-fullAdministrativeExpense_Standard" id="abrokiskiosuris_ifrs-fullAdministrativeExpense_Standard" xlink:role="http://www.xbrl.org/2003/role/label" xlink:type="resource" xml:lang="en">General and administrative expenses </label>
    <label xlink:label="label_abrokiskiosuris_ifrs-fullOtherGainsLosses_Standard" id="abrokiskiosuris_ifrs-fullOtherGainsLosses_Standard" xlink:role="http://www.xbrl.org/2003/role/label" xlink:type="resource" xml:lang="en">Other gains/(losses) - net</label>
    <label xlink:label="label_abrokiskiosuris_ifrs-fullProfitLossFromOperatingActivities_Standard" id="abrokiskiosuris_ifrs-fullProfitLossFromOperatingActivities_Standard" xlink:role="http://www.xbrl.org/2003/role/label" xlink:type="resource" xml:lang="en">Operating profit </label>
    <label xlink:label="label_abrokiskiosuris_ifrs-fullProfitLossBeforeTax_Standard" id="abrokiskiosuris_ifrs-fullProfitLossBeforeTax_Standard" xlink:role="http://www.xbrl.org/2003/role/label" xlink:type="resource" xml:lang="en">Profit before income tax</label>
    <label xlink:label="label_abrokiskiosuris_ifrs-fullIncomeTaxExpenseContinuingOperations_Standard" id="abrokiskiosuris_ifrs-fullIncomeTaxExpenseContinuingOperations_Standard" xlink:role="http://www.xbrl.org/2003/role/label" xlink:type="resource" xml:lang="en">Income tax </label>
    <label xlink:label="label_abrokiskiosuris_ifrs-fullProfitLoss_Standard" id="abrokiskiosuris_ifrs-fullProfitLoss_Standard" xlink:role="http://www.xbrl.org/2003/role/label" xlink:type="resource" xml:lang="en">Profit for the year</label>
    <label xlink:label="label_abrokiskiosuris_ifrs-fullProfitLossAttributableToOwnersOfParent_Standard" id="abrokiskiosuris_ifrs-fullProfitLossAttributableToOwnersOfParent_Standard" xlink:role="http://www.xbrl.org/2003/role/label" xlink:type="resource" xml:lang="en">Owners of the Company </label>
    <label xlink:label="label_abrokiskiosuris_ifrs-fullProfitLossAttributableToNoncontrollingInterests_Standard" id="abrokiskiosuris_ifrs-fullProfitLossAttributableToNoncontrollingInterests_Standard" xlink:role="http://www.xbrl.org/2003/role/label" xlink:type="resource" xml:lang="en">Non-controlling interest</label>
    <label xlink:label="label_abrokiskiosuris_ifrs-fullBasicEarningsLossPerShare_Standard" id="abrokiskiosuris_ifrs-fullBasicEarningsLossPerShare_Standard" xlink:role="http://www.xbrl.org/2003/role/label" xlink:type="resource" xml:lang="en">Basic and diluted earnings per share (in EUR per share)</label>
    <label xlink:label="label_abrokiskiosuris_ifrs-fullOtherComprehensiveIncomeNetOfTaxGainsLossesOnRemeasurementsOfDefinedBenefitPlans_Standard" id="abrokiskiosuris_ifrs-fullOtherComprehensiveIncomeNetOfTaxGainsLossesOnRemeasurementsOfDefinedBenefitPlans_Standard" xlink:role="http://www.xbrl.org/2003/role/label" xlink:type="resource" xml:lang="en">Remeasurement of post-employment benefit obligations, net of tax</label>
    <label xlink:label="label_abrokiskiosuris_ifrs-fullOtherComprehensiveIncomeBeforeTaxGainsLossesOnRevaluation_Standard" id="abrokiskiosuris_ifrs-fullOtherComprehensiveIncomeBeforeTaxGainsLossesOnRevaluation_Standard" xlink:role="http://www.xbrl.org/2003/role/label" xlink:type="resource" xml:lang="en">Gain on revaluation of property, plant and equipment</label>
    <label xlink:label="label_abrokiskiosuris_ifrs-fullIncomeTaxRelatingToChangesInRevaluationSurplusOfOtherComprehensiveIncome_Standard" id="abrokiskiosuris_ifrs-fullIncomeTaxRelatingToChangesInRevaluationSurplusOfOtherComprehensiveIncome_Standard" xlink:role="http://www.xbrl.org/2003/role/label" xlink:type="resource" xml:lang="en">Deferred income tax on revaluation</label>
    <label xlink:label="label_abrokiskiosuris_ifrs-fullOtherComprehensiveIncome_Total" id="abrokiskiosuris_ifrs-fullOtherComprehensiveIncome_Total" xlink:role="http://www.xbrl.org/2003/role/totalLabel" xlink:type="resource" xml:lang="en">Other comprehensive income for the year, net of tax</label>
    <label xlink:label="label_abrokiskiosuris_ifrs-fullComprehensiveIncome_Standard" id="abrokiskiosuris_ifrs-fullComprehensiveIncome_Standard" xlink:role="http://www.xbrl.org/2003/role/label" xlink:type="resource" xml:lang="en">Total comprehensive income for the year</label>
    <label xlink:label="label_abrokiskiosuris_ifrs-fullComprehensiveIncomeAttributableToOwnersOfParent_Standard" id="abrokiskiosuris_ifrs-fullComprehensiveIncomeAttributableToOwnersOfParent_Standard" xlink:role="http://www.xbrl.org/2003/role/label" xlink:type="resource" xml:lang="en">Owners of the Company </label>
    <label xlink:label="label_abrokiskiosuris_ifrs-fullComprehensiveIncomeAttributableToNoncontrollingInterests_Standard" id="abrokiskiosuris_ifrs-fullComprehensiveIncomeAttributableToNoncontrollingInterests_Standard" xlink:role="http://www.xbrl.org/2003/role/label" xlink:type="resource" xml:lang="en">Non-controlling interest </label>
    <label xlink:label="label_abrokiskiosuris_ifrs-fullIntangibleAssetsOtherThanGoodwill_Standard" id="abrokiskiosuris_ifrs-fullIntangibleAssetsOtherThanGoodwill_Standard" xlink:role="http://www.xbrl.org/2003/role/label" xlink:type="resource" xml:lang="en">Intangible assets </label>
    <label xlink:label="label_abrokiskiosuris_ifrs-fullInvestmentsInSubsidiaries_Standard" id="abrokiskiosuris_ifrs-fullInvestmentsInSubsidiaries_Standard" xlink:role="http://www.xbrl.org/2003/role/label" xlink:type="resource" xml:lang="en">Investments in subsidiaries</label>
    <label xlink:label="label_abrokiskiosuris_ifrs-fullNoncurrentPrepayments_Standard" id="abrokiskiosuris_ifrs-fullNoncurrentPrepayments_Standard" xlink:role="http://www.xbrl.org/2003/role/label" xlink:type="resource" xml:lang="en">Trade and other receivables </label>
    <label xlink:label="label_abrokiskiosuris_ifrs-fullNoncurrentLoansAndReceivables_Standard" id="abrokiskiosuris_ifrs-fullNoncurrentLoansAndReceivables_Standard" xlink:role="http://www.xbrl.org/2003/role/label" xlink:type="resource" xml:lang="en">Loans granted</label>
    <label xlink:label="label_abrokiskiosuris_ifrs-fullInventories_Standard" id="abrokiskiosuris_ifrs-fullInventories_Standard" xlink:role="http://www.xbrl.org/2003/role/label" xlink:type="resource" xml:lang="en">Inventories</label>
    <label xlink:label="label_abrokiskiosuris_ifrs-fullCurrentLoansAndReceivables_Standard" id="abrokiskiosuris_ifrs-fullCurrentLoansAndReceivables_Standard" xlink:role="http://www.xbrl.org/2003/role/label" xlink:type="resource" xml:lang="en">Loans granted</label>
    <label xlink:label="label_abrokiskiosuris_ifrs-fullTradeAndOtherCurrentReceivables_Standard" id="abrokiskiosuris_ifrs-fullTradeAndOtherCurrentReceivables_Standard" xlink:role="http://www.xbrl.org/2003/role/label" xlink:type="resource" xml:lang="en">Trade and other receivables</label>
    <label xlink:label="label_abrokiskiosuris_ifrs-fullCurrentTaxAssetsCurrent_Standard" id="abrokiskiosuris_ifrs-fullCurrentTaxAssetsCurrent_Standard" xlink:role="http://www.xbrl.org/2003/role/label" xlink:type="resource" xml:lang="en">Prepaid income tax</label>
    <label xlink:label="label_abrokiskiosuris_ifrs-fullAssets_Standard" id="abrokiskiosuris_ifrs-fullAssets_Standard" xlink:role="http://www.xbrl.org/2003/role/label" xlink:type="resource" xml:lang="en">Total assets</label>
    <label xlink:label="label_abrokiskiosuris_ifrs-fullIssuedCapital_Standard" id="abrokiskiosuris_ifrs-fullIssuedCapital_Standard" xlink:role="http://www.xbrl.org/2003/role/label" xlink:type="resource" xml:lang="en">Share capital</label>
    <label xlink:label="label_abrokiskiosuris_ifrs-fullCapitalRedemptionReserve_Standard" id="abrokiskiosuris_ifrs-fullCapitalRedemptionReserve_Standard" xlink:role="http://www.xbrl.org/2003/role/label" xlink:type="resource" xml:lang="en">Reserve for acquisition of treasury shares</label>
    <label xlink:label="label_abrokiskiosuris_ifrs-fullLongtermBorrowings_Standard" id="abrokiskiosuris_ifrs-fullLongtermBorrowings_Standard" xlink:role="http://www.xbrl.org/2003/role/label" xlink:type="resource" xml:lang="en">Borrowings</label>
    <label xlink:label="label_abrokiskiosuris_ifrs-fullDeferredTaxLiabilities_Standard" id="abrokiskiosuris_ifrs-fullDeferredTaxLiabilities_Standard" xlink:role="http://www.xbrl.org/2003/role/label" xlink:type="resource" xml:lang="en">Deferred income tax liability</label>
    <label xlink:label="label_abrokiskiosuris_ifrs-fullNoncurrentGovernmentGrants_Standard" id="abrokiskiosuris_ifrs-fullNoncurrentGovernmentGrants_Standard" xlink:role="http://www.xbrl.org/2003/role/label" xlink:type="resource" xml:lang="en">Deferred income</label>
    <label xlink:label="label_abrokiskiosuris_ifrs-fullNoncurrentAdvances_Standard" id="abrokiskiosuris_ifrs-fullNoncurrentAdvances_Standard" xlink:role="http://www.xbrl.org/2003/role/label" xlink:type="resource" xml:lang="en">Contract liabilities</label>
    <label xlink:label="label_abrokiskiosuris_ifrs-fullNoncurrentProvisionsForEmployeeBenefits_Standard" id="abrokiskiosuris_ifrs-fullNoncurrentProvisionsForEmployeeBenefits_Standard" xlink:role="http://www.xbrl.org/2003/role/label" xlink:type="resource" xml:lang="en">Provisions</label>
    <label xlink:label="label_abrokiskiosuris_ifrs-fullCurrentBorrowingsAndCurrentPortionOfNoncurrentBorrowings_Standard" id="abrokiskiosuris_ifrs-fullCurrentBorrowingsAndCurrentPortionOfNoncurrentBorrowings_Standard" xlink:role="http://www.xbrl.org/2003/role/label" xlink:type="resource" xml:lang="en">Borrowings</label>
    <label xlink:label="label_abrokiskiosuris_ifrs-fullCurrentGovernmentGrants_Standard" id="abrokiskiosuris_ifrs-fullCurrentGovernmentGrants_Standard" xlink:role="http://www.xbrl.org/2003/role/label" xlink:type="resource" xml:lang="en">Deferred income</label>
    <label xlink:label="label_abrokiskiosuris_ifrs-fullTradeAndOtherCurrentPayables_Standard" id="abrokiskiosuris_ifrs-fullTradeAndOtherCurrentPayables_Standard" xlink:role="http://www.xbrl.org/2003/role/label" xlink:type="resource" xml:lang="en">Trade and other payables</label>
    <label xlink:label="label_abrokiskiosuris_ifrs-fullCurrentTaxLiabilitiesCurrent_Standard" id="abrokiskiosuris_ifrs-fullCurrentTaxLiabilitiesCurrent_Standard" xlink:role="http://www.xbrl.org/2003/role/label" xlink:type="resource" xml:lang="en">Profit tax payable</label>
    <label xlink:label="label_abrokiskiosuris_ifrs-fullCurrentProvisionsForEmployeeBenefits_Standard" id="abrokiskiosuris_ifrs-fullCurrentProvisionsForEmployeeBenefits_Standard" xlink:role="http://www.xbrl.org/2003/role/label" xlink:type="resource" xml:lang="en">Provisions</label>
    <label xlink:label="label_EquityAndLiabilitiesAbstract" id="EquityAndLiabilitiesAbstract" xlink:role="http://www.xbrl.org/2003/role/label" xlink:type="resource" xml:lang="en">Equity and liabilities</label>
    <label xlink:label="label_abrokiskiosuris_ifrs-fullEquity_PeriodStart" id="abrokiskiosuris_ifrs-fullEquity_PeriodStart" xlink:role="http://www.xbrl.org/2003/role/periodStartLabel" xlink:type="resource" xml:lang="en">Balance at 1 January 2022</label>
    <label xlink:label="label_abrokiskiosuris_ifrs-fullOtherComprehensiveIncome_Standard" id="abrokiskiosuris_ifrs-fullOtherComprehensiveIncome_Standard" xlink:role="http://www.xbrl.org/2003/role/label" xlink:type="resource" xml:lang="en">Total other comprehensive income for the year</label>
    <label xlink:label="label_abrokiskiosuris_ifrs-fullDividendsPaid_Standard" id="abrokiskiosuris_ifrs-fullDividendsPaid_Standard" xlink:role="http://www.xbrl.org/2003/role/label" xlink:type="resource" xml:lang="en">Dividends</label>
    <label xlink:label="label_abrokiskiosuris_ifrs-fullIncreaseDecreaseThroughTransactionsWithOwners_Standard" id="abrokiskiosuris_ifrs-fullIncreaseDecreaseThroughTransactionsWithOwners_Standard" xlink:role="http://www.xbrl.org/2003/role/label" xlink:type="resource" xml:lang="en">Total transactions with owners for the year</label>
    <label xlink:label="label_abrokiskiosuris_ifrs-fullIncreaseDecreaseThroughTransfersAndOtherChangesEquity_Standard" id="abrokiskiosuris_ifrs-fullIncreaseDecreaseThroughTransfersAndOtherChangesEquity_Standard" xlink:role="http://www.xbrl.org/2003/role/label" xlink:type="resource" xml:lang="en">Bonuses for the Board members</label>
    <label xlink:label="label_abrokiskiosuris_ifrs-fullEquity_PeriodEnd" id="abrokiskiosuris_ifrs-fullEquity_PeriodEnd" xlink:role="http://www.xbrl.org/2003/role/periodEndLabel" xlink:type="resource" xml:lang="en">Balance at 31 December 2023</label>
    <label xlink:label="label_abrokiskiosuris_ifrs-fullCashFlowsFromUsedInOperations_Standard" id="abrokiskiosuris_ifrs-fullCashFlowsFromUsedInOperations_Standard" xlink:role="http://www.xbrl.org/2003/role/label" xlink:type="resource" xml:lang="en">Cash generated from operations</label>
    <label xlink:label="label_abrokiskiosuris_ifrs-fullInterestPaidClassifiedAsOperatingActivities_Standard" id="abrokiskiosuris_ifrs-fullInterestPaidClassifiedAsOperatingActivities_Standard" xlink:role="http://www.xbrl.org/2003/role/label" xlink:type="resource" xml:lang="en">Interest paid</label>
    <label xlink:label="label_abrokiskiosuris_ifrs-fullIncomeTaxesPaidRefundClassifiedAsOperatingActivities_Standard" id="abrokiskiosuris_ifrs-fullIncomeTaxesPaidRefundClassifiedAsOperatingActivities_Standard" xlink:role="http://www.xbrl.org/2003/role/label" xlink:type="resource" xml:lang="en">Income tax paid</label>
    <label xlink:label="label_abrokiskiosuris_ifrs-fullCashFlowsFromUsedInOperatingActivities_Standard" id="abrokiskiosuris_ifrs-fullCashFlowsFromUsedInOperatingActivities_Standard" xlink:role="http://www.xbrl.org/2003/role/label" xlink:type="resource" xml:lang="en">Net cash generated from/ operating activities</label>
    <label xlink:label="label_abrokiskiosuris_ifrs-fullPurchaseOfPropertyPlantAndEquipmentClassifiedAsInvestingActivities_Standard" id="abrokiskiosuris_ifrs-fullPurchaseOfPropertyPlantAndEquipmentClassifiedAsInvestingActivities_Standard" xlink:role="http://www.xbrl.org/2003/role/label" xlink:type="resource" xml:lang="en">Purchases of property, plant and equipment</label>
    <label xlink:label="label_abrokiskiosuris_ifrs-fullPurchaseOfIntangibleAssetsClassifiedAsInvestingActivities_Standard" id="abrokiskiosuris_ifrs-fullPurchaseOfIntangibleAssetsClassifiedAsInvestingActivities_Standard" xlink:role="http://www.xbrl.org/2003/role/label" xlink:type="resource" xml:lang="en">Purchases of intangible assets</label>
    <label xlink:label="label_abrokiskiosuris_ifrs-fullCashFlowsUsedInObtainingControlOfSubsidiariesOrOtherBusinessesClassifiedAsInvestingActivities_Standard" id="abrokiskiosuris_ifrs-fullCashFlowsUsedInObtainingControlOfSubsidiariesOrOtherBusinessesClassifiedAsInvestingActivities_Standard" xlink:role="http://www.xbrl.org/2003/role/label" xlink:type="resource" xml:lang="en">Investments in subsidiaries</label>
    <label xlink:label="label_abrokiskiosuris_ifrs-fullCashAdvancesAndLoansMadeToRelatedParties_Standard" id="abrokiskiosuris_ifrs-fullCashAdvancesAndLoansMadeToRelatedParties_Standard" xlink:role="http://www.xbrl.org/2003/role/label" xlink:type="resource" xml:lang="en">Loans granted to employees</label>
    <label xlink:label="label_abrokiskiosuris_ifrs-fullCashAdvancesAndLoansMadeToOtherPartiesClassifiedAsInvestingActivities_Standard" id="abrokiskiosuris_ifrs-fullCashAdvancesAndLoansMadeToOtherPartiesClassifiedAsInvestingActivities_Standard" xlink:role="http://www.xbrl.org/2003/role/label" xlink:type="resource" xml:lang="en">Other loans granted</label>
    <label xlink:label="label_abrokiskiosuris_ifrs-fullProceedsFromSalesOfPropertyPlantAndEquipmentClassifiedAsInvestingActivities_Standard" id="abrokiskiosuris_ifrs-fullProceedsFromSalesOfPropertyPlantAndEquipmentClassifiedAsInvestingActivities_Standard" xlink:role="http://www.xbrl.org/2003/role/label" xlink:type="resource" xml:lang="en">Proceeds from sale of property, plant and equipment</label>
    <label xlink:label="label_abrokiskiosuris_ifrs-fullCashReceiptsFromRepaymentOfAdvancesAndLoansMadeToOtherPartiesClassifiedAsInvestingActivities_Standard" id="abrokiskiosuris_ifrs-fullCashReceiptsFromRepaymentOfAdvancesAndLoansMadeToOtherPartiesClassifiedAsInvestingActivities_Standard" xlink:role="http://www.xbrl.org/2003/role/label" xlink:type="resource" xml:lang="en">Other loan repayments received</label>
    <label xlink:label="label_abrokiskiosuris_ifrs-fullInterestReceivedClassifiedAsInvestingActivities_Standard" id="abrokiskiosuris_ifrs-fullInterestReceivedClassifiedAsInvestingActivities_Standard" xlink:role="http://www.xbrl.org/2003/role/label" xlink:type="resource" xml:lang="en">Interest received</label>
    <label xlink:label="label_abrokiskiosuris_ifrs-fullDividendsReceivedClassifiedAsInvestingActivities_Standard" id="abrokiskiosuris_ifrs-fullDividendsReceivedClassifiedAsInvestingActivities_Standard" xlink:role="http://www.xbrl.org/2003/role/label" xlink:type="resource" xml:lang="en">Dividends received </label>
    <label xlink:label="label_abrokiskiosuris_ifrs-fullCashFlowsFromUsedInInvestingActivities_Standard" id="abrokiskiosuris_ifrs-fullCashFlowsFromUsedInInvestingActivities_Standard" xlink:role="http://www.xbrl.org/2003/role/label" xlink:type="resource" xml:lang="en">Net cash (used in) investing activities</label>
    <label xlink:label="label_abrokiskiosuris_ifrs-fullDividendsPaidClassifiedAsFinancingActivities_Standard" id="abrokiskiosuris_ifrs-fullDividendsPaidClassifiedAsFinancingActivities_Standard" xlink:role="http://www.xbrl.org/2003/role/label" xlink:type="resource" xml:lang="en">Dividends paid</label>
    <label xlink:label="label_abrokiskiosuris_ifrs-fullRepaymentsOfBorrowingsClassifiedAsFinancingActivities_Standard" id="abrokiskiosuris_ifrs-fullRepaymentsOfBorrowingsClassifiedAsFinancingActivities_Standard" xlink:role="http://www.xbrl.org/2003/role/label" xlink:type="resource" xml:lang="en">Repayment of borrowings</label>
    <label xlink:label="label_abrokiskiosuris_ifrs-fullProceedsFromBorrowingsClassifiedAsFinancingActivities_Standard" id="abrokiskiosuris_ifrs-fullProceedsFromBorrowingsClassifiedAsFinancingActivities_Standard" xlink:role="http://www.xbrl.org/2003/role/label" xlink:type="resource" xml:lang="en">Proceeds from borrowings</label>
    <label xlink:label="label_abrokiskiosuris_ifrs-fullCashFlowsFromUsedInFinancingActivities_Standard" id="abrokiskiosuris_ifrs-fullCashFlowsFromUsedInFinancingActivities_Standard" xlink:role="http://www.xbrl.org/2003/role/label" xlink:type="resource" xml:lang="en">Net cash (used in) financing activities</label>
    <label xlink:label="label_abrokiskiosuris_ifrs-fullIncreaseDecreaseInCashAndCashEquivalents_Standard" id="abrokiskiosuris_ifrs-fullIncreaseDecreaseInCashAndCashEquivalents_Standard" xlink:role="http://www.xbrl.org/2003/role/label" xlink:type="resource" xml:lang="en">Net (decrease) in cash and cash equivalents</label>
    <label xlink:label="label_abrokiskiosuris_ifrs-fullCashAndCashEquivalents_Standard" id="abrokiskiosuris_ifrs-fullCashAndCashEquivalents_Standard" xlink:role="http://www.xbrl.org/2003/role/label" xlink:type="resource" xml:lang="en">Cash and cash equivalents at the beginning of the year</label>
    <label xlink:label="label_abrokiskiosuris_ifrs-fullDividendsRecognisedAsDistributionsToOwnersPerShare_Standard" id="abrokiskiosuris_ifrs-fullDividendsRecognisedAsDistributionsToOwnersPerShare_Standard" xlink:role="http://www.xbrl.org/2003/role/label" xlink:type="resource" xml:lang="en">Dividends per share, EUR </label>
  </labelLink>
</linkbase>