﻿<?xml version="1.0" encoding="utf-8"?>
<linkbase xsi:schemaLocation="http://www.xbrl.org/2003/linkbase http://www.xbrl.org/2003/xbrl-linkbase-2003-12-31.xsd" xmlns:xsi="http://www.w3.org/2001/XMLSchema-instance" xmlns="http://www.xbrl.org/2003/linkbase">
  <labelLink xlink:role="http://www.xbrl.org/2003/role/link" xlink:type="extended" xmlns:xlink="http://www.w3.org/1999/xlink">
    <loc xlink:type="locator" xlink:href="abvilkyskiupienine-2023-12-31.xsd#abvilkyskiupienine_TotalTransactionsWithOwnersRecognisedDirectlyInEquity" xlink:label="abvilkyskiupienine_TotalTransactionsWithOwnersRecognisedDirectlyInEquity" />
    <loc xlink:type="locator" xlink:href="abvilkyskiupienine-2023-12-31.xsd#abvilkyskiupienine_TotalTransactionsWithOwners" xlink:label="abvilkyskiupienine_TotalTransactionsWithOwners" />
    <loc xlink:type="locator" xlink:href="abvilkyskiupienine-2023-12-31.xsd#abvilkyskiupienine_AcquisitionOfOwnershipInterestInSubsidiary" xlink:label="abvilkyskiupienine_AcquisitionOfOwnershipInterestInSubsidiary" />
    <loc xlink:type="locator" xlink:href="abvilkyskiupienine-2023-12-31.xsd#abvilkyskiupienine_OutflowOfCashToAcquireSubsidiaryNetOfCashAcquired" xlink:label="abvilkyskiupienine_OutflowOfCashToAcquireSubsidiaryNetOfCashAcquired" />
    <labelArc xlink:type="arc" xlink:from="abvilkyskiupienine_TotalTransactionsWithOwnersRecognisedDirectlyInEquity" xlink:to="label_abvilkyskiupienine_abvilkyskiupienineTotalTransactionsWithOwnersRecognisedDirectlyInEquity_Standard" order="1" xlink:arcrole="http://www.xbrl.org/2003/arcrole/concept-label" />
    <labelArc xlink:type="arc" xlink:from="abvilkyskiupienine_TotalTransactionsWithOwners" xlink:to="label_abvilkyskiupienine_abvilkyskiupienineTotalTransactionsWithOwners_Standard" order="1" xlink:arcrole="http://www.xbrl.org/2003/arcrole/concept-label" />
    <labelArc xlink:type="arc" xlink:from="abvilkyskiupienine_AcquisitionOfOwnershipInterestInSubsidiary" xlink:to="label_abvilkyskiupienine_abvilkyskiupienineAcquisitionOfOwnershipInterestInSubsidiary_Standard" order="1" xlink:arcrole="http://www.xbrl.org/2003/arcrole/concept-label" />
    <labelArc xlink:type="arc" xlink:from="abvilkyskiupienine_OutflowOfCashToAcquireSubsidiaryNetOfCashAcquired" xlink:to="label_abvilkyskiupienine_abvilkyskiupienineOutflowOfCashToAcquireSubsidiaryNetOfCashAcquired_Standard" order="1" xlink:arcrole="http://www.xbrl.org/2003/arcrole/concept-label" />
    <label xlink:label="label_abvilkyskiupienine_abvilkyskiupienineTotalTransactionsWithOwnersRecognisedDirectlyInEquity_Standard" id="abvilkyskiupienine_abvilkyskiupienineTotalTransactionsWithOwnersRecognisedDirectlyInEquity_Standard" xlink:role="http://www.xbrl.org/2003/role/label" xlink:type="resource" xml:lang="en">Total transactions with owners recognised directly in equity</label>
    <label xlink:label="label_abvilkyskiupienine_abvilkyskiupienineTotalTransactionsWithOwners_Standard" id="abvilkyskiupienine_abvilkyskiupienineTotalTransactionsWithOwners_Standard" xlink:role="http://www.xbrl.org/2003/role/label" xlink:type="resource" xml:lang="en">Total transactions with owners</label>
    <label xlink:label="label_abvilkyskiupienine_abvilkyskiupienineAcquisitionOfOwnershipInterestInSubsidiary_Standard" id="abvilkyskiupienine_abvilkyskiupienineAcquisitionOfOwnershipInterestInSubsidiary_Standard" xlink:role="http://www.xbrl.org/2003/role/label" xlink:type="resource" xml:lang="en">Acquisition of ownership interest in subsidiary</label>
    <label xlink:label="label_abvilkyskiupienine_abvilkyskiupienineOutflowOfCashToAcquireSubsidiaryNetOfCashAcquired_Standard" id="abvilkyskiupienine_abvilkyskiupienineOutflowOfCashToAcquireSubsidiaryNetOfCashAcquired_Standard" xlink:role="http://www.xbrl.org/2003/role/label" xlink:type="resource" xml:lang="en">Outflow of cash to acquire subsidiary, net of cash acquired</label>
  </labelLink>
</linkbase>