<?xml version="1.0" encoding="utf-8"?>
<linkbase xsi:schemaLocation="http://www.xbrl.org/2003/linkbase http://www.xbrl.org/2003/xbrl-linkbase-2003-12-31.xsd" xmlns:xsi="http://www.w3.org/2001/XMLSchema-instance" xmlns="http://www.xbrl.org/2003/linkbase">
  <labelLink xlink:role="http://www.xbrl.org/2003/role/link" xlink:type="extended" xmlns:xlink="http://www.w3.org/1999/xlink">
    <loc xlink:type="locator" xlink:href="abignitisgrupe-2023-12-31.xsd#abignitisgrupe_PurchasesOfElectricityGasAndOtherServices" xlink:label="abignitisgrupe_PurchasesOfElectricityGasAndOtherServices" />
    <loc xlink:type="locator" xlink:href="abignitisgrupe-2023-12-31.xsd#abignitisgrupe_ExpensesForEbitda" xlink:label="abignitisgrupe_ExpensesForEbitda" />
    <loc xlink:type="locator" xlink:href="abignitisgrupe-2023-12-31.xsd#abignitisgrupe_Ebitda" xlink:label="abignitisgrupe_Ebitda" />
    <loc xlink:type="locator" xlink:href="abignitisgrupe-2023-12-31.xsd#abignitisgrupe_WriteOffsRevaluationAndImpairmentLossesOfPropertyPlantAndEquipmentAndIntangibleAssets" xlink:label="abignitisgrupe_WriteOffsRevaluationAndImpairmentLossesOfPropertyPlantAndEquipmentAndIntangibleAssets" />
    <loc xlink:type="locator" xlink:href="abignitisgrupe-2023-12-31.xsd#abignitisgrupe_RevaluationOfPropertyPlantAndEquipment" xlink:label="abignitisgrupe_RevaluationOfPropertyPlantAndEquipment" />
    <loc xlink:type="locator" xlink:href="abignitisgrupe-2023-12-31.xsd#abignitisgrupe_Reserves" xlink:label="abignitisgrupe_Reserves" />
    <loc xlink:type="locator" xlink:href="abignitisgrupe-2023-12-31.xsd#abignitisgrupe_DepreciationAndAmortisationOfGrants" xlink:label="abignitisgrupe_DepreciationAndAmortisationOfGrants" />
    <loc xlink:type="locator" xlink:href="abignitisgrupe-2023-12-31.xsd#abignitisgrupe_FairValueChangeOfFinancialInstruments" xlink:label="abignitisgrupe_FairValueChangeOfFinancialInstruments" />
    <loc xlink:type="locator" xlink:href="abignitisgrupe-2023-12-31.xsd#abignitisgrupe_LossGainOnDisposalWriteOffOfAssetsHeldForSaleAndPpe" xlink:label="abignitisgrupe_LossGainOnDisposalWriteOffOfAssetsHeldForSaleAndPpe" />
    <loc xlink:type="locator" xlink:href="abignitisgrupe-2023-12-31.xsd#abignitisgrupe_OtherExpensesOfFinancingActivities" xlink:label="abignitisgrupe_OtherExpensesOfFinancingActivities" />
    <loc xlink:type="locator" xlink:href="https://xbrl.ifrs.org/taxonomy/2022-03-24/full_ifrs/full_ifrs-cor_2022-03-24.xsd#ifrs-full_CashFlowsFromUsedInOperatingActivities" xlink:label="ifrs-full_CashFlowsFromUsedInOperatingActivities" />
    <loc xlink:type="locator" xlink:href="abignitisgrupe-2023-12-31.xsd#abignitisgrupe_FinanceLeasePaymentsReceived" xlink:label="abignitisgrupe_FinanceLeasePaymentsReceived" />
    <loc xlink:type="locator" xlink:href="abignitisgrupe-2023-12-31.xsd#abignitisgrupe_InvestmentsInInnovationFund" xlink:label="abignitisgrupe_InvestmentsInInnovationFund" />
    <loc xlink:type="locator" xlink:href="abignitisgrupe-2023-12-31.xsd#abignitisgrupe_OtherIncreasesDecreasesInCashFlowsFromInvestingActivities" xlink:label="abignitisgrupe_OtherIncreasesDecreasesInCashFlowsFromInvestingActivities" />
    <loc xlink:type="locator" xlink:href="https://xbrl.ifrs.org/taxonomy/2022-03-24/full_ifrs/full_ifrs-cor_2022-03-24.xsd#ifrs-full_CashFlowsFromUsedInInvestingActivities" xlink:label="ifrs-full_CashFlowsFromUsedInInvestingActivities" />
    <loc xlink:type="locator" xlink:href="abignitisgrupe-2023-12-31.xsd#abignitisgrupe_OverdraftsNetChange" xlink:label="abignitisgrupe_OverdraftsNetChange" />
    <loc xlink:type="locator" xlink:href="abignitisgrupe-2023-12-31.xsd#abignitisgrupe_DividendsReturned" xlink:label="abignitisgrupe_DividendsReturned" />
    <loc xlink:type="locator" xlink:href="https://xbrl.ifrs.org/taxonomy/2022-03-24/full_ifrs/full_ifrs-cor_2022-03-24.xsd#ifrs-full_CashFlowsFromUsedInFinancingActivities" xlink:label="ifrs-full_CashFlowsFromUsedInFinancingActivities" />
    <loc xlink:type="locator" xlink:href="https://xbrl.ifrs.org/taxonomy/2022-03-24/full_ifrs/full_ifrs-cor_2022-03-24.xsd#ifrs-full_IncreaseDecreaseInCashAndCashEquivalents" xlink:label="ifrs-full_IncreaseDecreaseInCashAndCashEquivalents" />
    <loc xlink:type="locator" xlink:href="https://xbrl.ifrs.org/taxonomy/2022-03-24/full_ifrs/full_ifrs-cor_2022-03-24.xsd#ifrs-full_CashAndCashEquivalentsIfDifferentFromStatementOfFinancialPosition" xlink:label="ifrs-full_CashAndCashEquivalentsIfDifferentFromStatementOfFinancialPosition" />
    <labelArc xlink:type="arc" xlink:from="abignitisgrupe_PurchasesOfElectricityGasAndOtherServices" xlink:to="label_abignitisgrupe_abignitisgrupePurchasesOfElectricityGasAndOtherServices_Standard" order="1" xlink:arcrole="http://www.xbrl.org/2003/arcrole/concept-label" />
    <labelArc xlink:type="arc" xlink:from="abignitisgrupe_ExpensesForEbitda" xlink:to="label_abignitisgrupe_abignitisgrupeExpensesForEbitda_Standard" order="1" xlink:arcrole="http://www.xbrl.org/2003/arcrole/concept-label" />
    <labelArc xlink:type="arc" xlink:from="abignitisgrupe_Ebitda" xlink:to="label_abignitisgrupe_abignitisgrupeEbitda_Standard" order="1" xlink:arcrole="http://www.xbrl.org/2003/arcrole/concept-label" />
    <labelArc xlink:type="arc" xlink:from="abignitisgrupe_WriteOffsRevaluationAndImpairmentLossesOfPropertyPlantAndEquipmentAndIntangibleAssets" xlink:to="label_abignitisgrupe_abignitisgrupeWriteOffsRevaluationAndImpairmentLossesOfPropertyPlantAndEquipmentAndIntangibleAssets_Standard" order="1" xlink:arcrole="http://www.xbrl.org/2003/arcrole/concept-label" />
    <labelArc xlink:type="arc" xlink:from="abignitisgrupe_RevaluationOfPropertyPlantAndEquipment" xlink:to="label_abignitisgrupe_abignitisgrupeRevaluationOfPropertyPlantAndEquipment_Standard" order="1" xlink:arcrole="http://www.xbrl.org/2003/arcrole/concept-label" />
    <labelArc xlink:type="arc" xlink:from="abignitisgrupe_Reserves" xlink:to="label_abignitisgrupe_abignitisgrupeReserves_Standard" order="1" xlink:arcrole="http://www.xbrl.org/2003/arcrole/concept-label" />
    <labelArc xlink:type="arc" xlink:from="abignitisgrupe_DepreciationAndAmortisationOfGrants" xlink:to="label_abignitisgrupe_abignitisgrupeDepreciationAndAmortisationOfGrants_Standard" order="1" xlink:arcrole="http://www.xbrl.org/2003/arcrole/concept-label" />
    <labelArc xlink:type="arc" xlink:from="abignitisgrupe_FairValueChangeOfFinancialInstruments" xlink:to="label_abignitisgrupe_abignitisgrupeFairValueChangeOfFinancialInstruments_Standard" order="1" xlink:arcrole="http://www.xbrl.org/2003/arcrole/concept-label" />
    <labelArc xlink:type="arc" xlink:from="abignitisgrupe_LossGainOnDisposalWriteOffOfAssetsHeldForSaleAndPpe" xlink:to="label_abignitisgrupe_abignitisgrupeLossGainOnDisposalWriteOffOfAssetsHeldForSaleAndPpe_Standard" order="1" xlink:arcrole="http://www.xbrl.org/2003/arcrole/concept-label" />
    <labelArc xlink:type="arc" xlink:from="abignitisgrupe_OtherExpensesOfFinancingActivities" xlink:to="label_abignitisgrupe_abignitisgrupeOtherExpensesOfFinancingActivities_Standard" order="1" xlink:arcrole="http://www.xbrl.org/2003/arcrole/concept-label" />
    <labelArc xlink:type="arc" xlink:from="ifrs-full_CashFlowsFromUsedInOperatingActivities" xlink:to="label_abignitisgrupe_ifrs-fullCashFlowsFromUsedInOperatingActivities_Total" order="1" xlink:arcrole="http://www.xbrl.org/2003/arcrole/concept-label" priority="100" />
    <labelArc xlink:type="arc" xlink:from="abignitisgrupe_FinanceLeasePaymentsReceived" xlink:to="label_abignitisgrupe_abignitisgrupeFinanceLeasePaymentsReceived_Standard" order="1" xlink:arcrole="http://www.xbrl.org/2003/arcrole/concept-label" />
    <labelArc xlink:type="arc" xlink:from="abignitisgrupe_InvestmentsInInnovationFund" xlink:to="label_abignitisgrupe_abignitisgrupeInvestmentsInInnovationFund_Standard" order="1" xlink:arcrole="http://www.xbrl.org/2003/arcrole/concept-label" />
    <labelArc xlink:type="arc" xlink:from="abignitisgrupe_OtherIncreasesDecreasesInCashFlowsFromInvestingActivities" xlink:to="label_abignitisgrupe_abignitisgrupeOtherIncreasesDecreasesInCashFlowsFromInvestingActivities_Standard" order="1" xlink:arcrole="http://www.xbrl.org/2003/arcrole/concept-label" />
    <labelArc xlink:type="arc" xlink:from="ifrs-full_CashFlowsFromUsedInInvestingActivities" xlink:to="label_abignitisgrupe_ifrs-fullCashFlowsFromUsedInInvestingActivities_Total" order="1" xlink:arcrole="http://www.xbrl.org/2003/arcrole/concept-label" priority="100" />
    <labelArc xlink:type="arc" xlink:from="abignitisgrupe_OverdraftsNetChange" xlink:to="label_abignitisgrupe_abignitisgrupeOverdraftsNetChange_Standard" order="1" xlink:arcrole="http://www.xbrl.org/2003/arcrole/concept-label" />
    <labelArc xlink:type="arc" xlink:from="abignitisgrupe_DividendsReturned" xlink:to="label_abignitisgrupe_abignitisgrupeDividendsReturned_Standard" order="1" xlink:arcrole="http://www.xbrl.org/2003/arcrole/concept-label" />
    <labelArc xlink:type="arc" xlink:from="ifrs-full_CashFlowsFromUsedInFinancingActivities" xlink:to="label_abignitisgrupe_ifrs-fullCashFlowsFromUsedInFinancingActivities_Verbose" order="1" xlink:arcrole="http://www.xbrl.org/2003/arcrole/concept-label" priority="100" />
    <labelArc xlink:type="arc" xlink:from="ifrs-full_IncreaseDecreaseInCashAndCashEquivalents" xlink:to="label_abignitisgrupe_ifrs-fullIncreaseDecreaseInCashAndCashEquivalents_Total" order="1" xlink:arcrole="http://www.xbrl.org/2003/arcrole/concept-label" priority="100" />
    <labelArc xlink:type="arc" xlink:from="ifrs-full_CashAndCashEquivalentsIfDifferentFromStatementOfFinancialPosition" xlink:to="label_abignitisgrupe_ifrs-fullCashAndCashEquivalentsIfDifferentFromStatementOfFinancialPosition_PeriodStart" order="1" xlink:arcrole="http://www.xbrl.org/2003/arcrole/concept-label" priority="100" />
    <labelArc xlink:type="arc" xlink:from="ifrs-full_CashAndCashEquivalentsIfDifferentFromStatementOfFinancialPosition" xlink:to="label_abignitisgrupe_ifrs-fullCashAndCashEquivalentsIfDifferentFromStatementOfFinancialPosition_PeriodEnd" order="1" xlink:arcrole="http://www.xbrl.org/2003/arcrole/concept-label" priority="100" />
    <label xlink:label="label_abignitisgrupe_abignitisgrupePurchasesOfElectricityGasAndOtherServices_Standard" id="abignitisgrupe_abignitisgrupePurchasesOfElectricityGasAndOtherServices_Standard" xlink:role="http://www.xbrl.org/2003/role/label" xlink:type="resource" xml:lang="en">Purchases of electricity, gas and other services</label>
    <label xlink:label="label_abignitisgrupe_abignitisgrupeExpensesForEbitda_Standard" id="abignitisgrupe_abignitisgrupeExpensesForEbitda_Standard" xlink:role="http://www.xbrl.org/2003/role/label" xlink:type="resource" xml:lang="en">Expenses for EBITDA</label>
    <label xlink:label="label_abignitisgrupe_abignitisgrupeEbitda_Standard" id="abignitisgrupe_abignitisgrupeEbitda_Standard" xlink:role="http://www.xbrl.org/2003/role/label" xlink:type="resource" xml:lang="en">EBITDA</label>
    <label xlink:label="label_abignitisgrupe_abignitisgrupeWriteOffsRevaluationAndImpairmentLossesOfPropertyPlantAndEquipmentAndIntangibleAssets_Standard" id="abignitisgrupe_abignitisgrupeWriteOffsRevaluationAndImpairmentLossesOfPropertyPlantAndEquipmentAndIntangibleAssets_Standard" xlink:role="http://www.xbrl.org/2003/role/label" xlink:type="resource" xml:lang="en">Write-offs, revaluation and impairment losses of property, plant and equipment and intangible assets</label>
    <label xlink:label="label_abignitisgrupe_abignitisgrupeRevaluationOfPropertyPlantAndEquipment_Standard" id="abignitisgrupe_abignitisgrupeRevaluationOfPropertyPlantAndEquipment_Standard" xlink:role="http://www.xbrl.org/2003/role/label" xlink:type="resource" xml:lang="en">Revaluation of property, plant and equipment</label>
    <label xlink:label="label_abignitisgrupe_abignitisgrupeReserves_Standard" id="abignitisgrupe_abignitisgrupeReserves_Standard" xlink:role="http://www.xbrl.org/2003/role/label" xlink:type="resource" xml:lang="en">Reserves</label>
    <label xlink:label="label_abignitisgrupe_abignitisgrupeDepreciationAndAmortisationOfGrants_Standard" id="abignitisgrupe_abignitisgrupeDepreciationAndAmortisationOfGrants_Standard" xlink:role="http://www.xbrl.org/2003/role/label" xlink:type="resource" xml:lang="en">Depreciation and amortisation of grants</label>
    <label xlink:label="label_abignitisgrupe_abignitisgrupeFairValueChangeOfFinancialInstruments_Standard" id="abignitisgrupe_abignitisgrupeFairValueChangeOfFinancialInstruments_Standard" xlink:role="http://www.xbrl.org/2003/role/label" xlink:type="resource" xml:lang="en">Fair value change of financial instruments</label>
    <label xlink:label="label_abignitisgrupe_abignitisgrupeLossGainOnDisposalWriteOffOfAssetsHeldForSaleAndPpe_Standard" id="abignitisgrupe_abignitisgrupeLossGainOnDisposalWriteOffOfAssetsHeldForSaleAndPpe_Standard" xlink:role="http://www.xbrl.org/2003/role/label" xlink:type="resource" xml:lang="en">Loss/(gain) on disposal/write-off of assets held for sale and property, plant and equipment</label>
    <label xlink:label="label_abignitisgrupe_abignitisgrupeOtherExpensesOfFinancingActivities_Standard" id="abignitisgrupe_abignitisgrupeOtherExpensesOfFinancingActivities_Standard" xlink:role="http://www.xbrl.org/2003/role/label" xlink:type="resource" xml:lang="en">Other expenses/(income) of financing activities</label>
    <label xlink:label="label_abignitisgrupe_ifrs-fullCashFlowsFromUsedInOperatingActivities_Total" id="abignitisgrupe_ifrs-fullCashFlowsFromUsedInOperatingActivities_Total" xlink:role="http://www.xbrl.org/2003/role/totalLabel" xlink:type="resource" xml:lang="en">Net cash flows from operating activities</label>
    <label xlink:label="label_abignitisgrupe_abignitisgrupeFinanceLeasePaymentsReceived_Standard" id="abignitisgrupe_abignitisgrupeFinanceLeasePaymentsReceived_Standard" xlink:role="http://www.xbrl.org/2003/role/label" xlink:type="resource" xml:lang="en">Finance lease payments received</label>
    <label xlink:label="label_abignitisgrupe_abignitisgrupeInvestmentsInInnovationFund_Standard" id="abignitisgrupe_abignitisgrupeInvestmentsInInnovationFund_Standard" xlink:role="http://www.xbrl.org/2003/role/label" xlink:type="resource" xml:lang="en">Other increases/(decreases) in cash flows from investing activities</label>
    <label xlink:label="label_abignitisgrupe_abignitisgrupeOtherIncreasesDecreasesInCashFlowsFromInvestingActivities_Standard" id="abignitisgrupe_abignitisgrupeOtherIncreasesDecreasesInCashFlowsFromInvestingActivities_Standard" xlink:role="http://www.xbrl.org/2003/role/label" xlink:type="resource" xml:lang="en">Other increases/(decreases) in cash flows from investing activities</label>
    <label xlink:label="label_abignitisgrupe_ifrs-fullCashFlowsFromUsedInInvestingActivities_Total" id="abignitisgrupe_ifrs-fullCashFlowsFromUsedInInvestingActivities_Total" xlink:role="http://www.xbrl.org/2003/role/totalLabel" xlink:type="resource" xml:lang="en">Net cash flows from investing activities</label>
    <label xlink:label="label_abignitisgrupe_abignitisgrupeOverdraftsNetChange_Standard" id="abignitisgrupe_abignitisgrupeOverdraftsNetChange_Standard" xlink:role="http://www.xbrl.org/2003/role/label" xlink:type="resource" xml:lang="en">Overdrafts net change</label>
    <label xlink:label="label_abignitisgrupe_abignitisgrupeDividendsReturned_Standard" id="abignitisgrupe_abignitisgrupeDividendsReturned_Standard" xlink:role="http://www.xbrl.org/2003/role/label" xlink:type="resource" xml:lang="en">Dividends returned</label>
    <label xlink:label="label_abignitisgrupe_ifrs-fullCashFlowsFromUsedInFinancingActivities_Verbose" id="abignitisgrupe_ifrs-fullCashFlowsFromUsedInFinancingActivities_Verbose" xlink:role="http://www.xbrl.org/2003/role/verboseLabel" xlink:type="resource" xml:lang="en">Net cash flows from financing activities</label>
    <label xlink:label="label_abignitisgrupe_ifrs-fullIncreaseDecreaseInCashAndCashEquivalents_Total" id="abignitisgrupe_ifrs-fullIncreaseDecreaseInCashAndCashEquivalents_Total" xlink:role="http://www.xbrl.org/2003/role/totalLabel" xlink:type="resource" xml:lang="en">Increase/(decrease ) in cash and cash equivalents</label>
    <label xlink:label="label_abignitisgrupe_ifrs-fullCashAndCashEquivalentsIfDifferentFromStatementOfFinancialPosition_PeriodStart" id="abignitisgrupe_ifrs-fullCashAndCashEquivalentsIfDifferentFromStatementOfFinancialPosition_PeriodStart" xlink:role="http://www.xbrl.org/2003/role/periodStartLabel" xlink:type="resource" xml:lang="en">Cash and cash equivalents (including overdraft) at the beginning of the year</label>
    <label xlink:label="label_abignitisgrupe_ifrs-fullCashAndCashEquivalentsIfDifferentFromStatementOfFinancialPosition_PeriodEnd" id="abignitisgrupe_ifrs-fullCashAndCashEquivalentsIfDifferentFromStatementOfFinancialPosition_PeriodEnd" xlink:role="http://www.xbrl.org/2003/role/periodEndLabel" xlink:type="resource" xml:lang="en">Cash and cash equivalents (including overdraft) at the end of the year</label>
  </labelLink>
</linkbase>