<?xml version="1.0" encoding="utf-8"?>
<linkbase xsi:schemaLocation="http://www.xbrl.org/2003/linkbase http://www.xbrl.org/2003/xbrl-linkbase-2003-12-31.xsd" xmlns:xsi="http://www.w3.org/2001/XMLSchema-instance" xmlns="http://www.xbrl.org/2003/linkbase">
  <roleRef roleURI="http://abignitisgrupe.com/xbrl/2023/roles/ProfitOrLoss" xlink:href="abignitisgrupe-2023-12-31.xsd#ProfitOrLoss" xlink:type="simple" xmlns:xlink="http://www.w3.org/1999/xlink" />
  <roleRef roleURI="http://abignitisgrupe.com/xbrl/2023/roles/StatementOfComprehensiveIncome" xlink:href="abignitisgrupe-2023-12-31.xsd#StatementOfComprehensiveIncome" xlink:type="simple" xmlns:xlink="http://www.w3.org/1999/xlink" />
  <roleRef roleURI="http://abignitisgrupe.com/xbrl/2023/roles/StatementOfFinancialPosition" xlink:href="abignitisgrupe-2023-12-31.xsd#StatementOfFinancialPosition" xlink:type="simple" xmlns:xlink="http://www.w3.org/1999/xlink" />
  <roleRef roleURI="http://abignitisgrupe.com/xbrl/2023/roles/StatementOfCashFlows" xlink:href="abignitisgrupe-2023-12-31.xsd#StatementOfCashFlows" xlink:type="simple" xmlns:xlink="http://www.w3.org/1999/xlink" />
  <calculationLink xlink:role="http://abignitisgrupe.com/xbrl/2023/roles/ProfitOrLoss" xlink:type="extended" xmlns:xlink="http://www.w3.org/1999/xlink">
    <loc xlink:type="locator" xlink:href="https://xbrl.ifrs.org/taxonomy/2022-03-24/full_ifrs/full_ifrs-cor_2022-03-24.xsd#ifrs-full_RevenueAndOperatingIncome" xlink:label="ifrs-full_RevenueAndOperatingIncome" />
    <loc xlink:type="locator" xlink:href="https://xbrl.ifrs.org/taxonomy/2022-03-24/full_ifrs/full_ifrs-cor_2022-03-24.xsd#ifrs-full_RevenueFromContractsWithCustomers" xlink:label="ifrs-full_RevenueFromContractsWithCustomers" />
    <loc xlink:type="locator" xlink:href="https://xbrl.ifrs.org/taxonomy/2022-03-24/full_ifrs/full_ifrs-cor_2022-03-24.xsd#ifrs-full_OtherIncome" xlink:label="ifrs-full_OtherIncome" />
    <loc xlink:type="locator" xlink:href="abignitisgrupe-2023-12-31.xsd#abignitisgrupe_ExpensesForEbitda" xlink:label="abignitisgrupe_ExpensesForEbitda" />
    <loc xlink:type="locator" xlink:href="abignitisgrupe-2023-12-31.xsd#abignitisgrupe_PurchasesOfElectricityGasAndOtherServices" xlink:label="abignitisgrupe_PurchasesOfElectricityGasAndOtherServices" />
    <loc xlink:type="locator" xlink:href="https://xbrl.ifrs.org/taxonomy/2022-03-24/full_ifrs/full_ifrs-cor_2022-03-24.xsd#ifrs-full_EmployeeBenefitsExpense" xlink:label="ifrs-full_EmployeeBenefitsExpense" />
    <loc xlink:type="locator" xlink:href="https://xbrl.ifrs.org/taxonomy/2022-03-24/full_ifrs/full_ifrs-cor_2022-03-24.xsd#ifrs-full_RepairsAndMaintenanceExpense" xlink:label="ifrs-full_RepairsAndMaintenanceExpense" />
    <loc xlink:type="locator" xlink:href="https://xbrl.ifrs.org/taxonomy/2022-03-24/full_ifrs/full_ifrs-cor_2022-03-24.xsd#ifrs-full_OtherExpenseByNature" xlink:label="ifrs-full_OtherExpenseByNature" />
    <loc xlink:type="locator" xlink:href="https://xbrl.ifrs.org/taxonomy/2022-03-24/full_ifrs/full_ifrs-cor_2022-03-24.xsd#ifrs-full_ProfitLossFromOperatingActivities" xlink:label="ifrs-full_ProfitLossFromOperatingActivities" />
    <loc xlink:type="locator" xlink:href="abignitisgrupe-2023-12-31.xsd#abignitisgrupe_Ebitda" xlink:label="abignitisgrupe_Ebitda" />
    <loc xlink:type="locator" xlink:href="https://xbrl.ifrs.org/taxonomy/2022-03-24/full_ifrs/full_ifrs-cor_2022-03-24.xsd#ifrs-full_DepreciationAndAmortisationExpense" xlink:label="ifrs-full_DepreciationAndAmortisationExpense" />
    <loc xlink:type="locator" xlink:href="abignitisgrupe-2023-12-31.xsd#abignitisgrupe_WriteOffsRevaluationAndImpairmentLossesOfPropertyPlantAndEquipmentAndIntangibleAssets" xlink:label="abignitisgrupe_WriteOffsRevaluationAndImpairmentLossesOfPropertyPlantAndEquipmentAndIntangibleAssets" />
    <loc xlink:type="locator" xlink:href="https://xbrl.ifrs.org/taxonomy/2022-03-24/full_ifrs/full_ifrs-cor_2022-03-24.xsd#ifrs-full_FinanceIncomeCost" xlink:label="ifrs-full_FinanceIncomeCost" />
    <loc xlink:type="locator" xlink:href="https://xbrl.ifrs.org/taxonomy/2022-03-24/full_ifrs/full_ifrs-cor_2022-03-24.xsd#ifrs-full_FinanceIncome" xlink:label="ifrs-full_FinanceIncome" />
    <loc xlink:type="locator" xlink:href="https://xbrl.ifrs.org/taxonomy/2022-03-24/full_ifrs/full_ifrs-cor_2022-03-24.xsd#ifrs-full_FinanceCosts" xlink:label="ifrs-full_FinanceCosts" />
    <loc xlink:type="locator" xlink:href="https://xbrl.ifrs.org/taxonomy/2022-03-24/full_ifrs/full_ifrs-cor_2022-03-24.xsd#ifrs-full_ProfitLossBeforeTax" xlink:label="ifrs-full_ProfitLossBeforeTax" />
    <loc xlink:type="locator" xlink:href="https://xbrl.ifrs.org/taxonomy/2022-03-24/full_ifrs/full_ifrs-cor_2022-03-24.xsd#ifrs-full_ProfitLoss" xlink:label="ifrs-full_ProfitLoss" />
    <loc xlink:type="locator" xlink:href="https://xbrl.ifrs.org/taxonomy/2022-03-24/full_ifrs/full_ifrs-cor_2022-03-24.xsd#ifrs-full_IncomeTaxExpenseContinuingOperations" xlink:label="ifrs-full_IncomeTaxExpenseContinuingOperations" />
    <calculationArc xlink:type="arc" xlink:from="ifrs-full_RevenueAndOperatingIncome" xlink:to="ifrs-full_RevenueFromContractsWithCustomers" order="2" xlink:arcrole="http://www.xbrl.org/2003/arcrole/summation-item" priority="1" weight="1.0" />
    <calculationArc xlink:type="arc" xlink:from="ifrs-full_RevenueAndOperatingIncome" xlink:to="ifrs-full_OtherIncome" order="2" xlink:arcrole="http://www.xbrl.org/2003/arcrole/summation-item" priority="1" weight="1.0" />
    <calculationArc xlink:type="arc" xlink:from="abignitisgrupe_ExpensesForEbitda" xlink:to="abignitisgrupe_PurchasesOfElectricityGasAndOtherServices" order="7" xlink:arcrole="http://www.xbrl.org/2003/arcrole/summation-item" priority="1" weight="1.0" />
    <calculationArc xlink:type="arc" xlink:from="abignitisgrupe_ExpensesForEbitda" xlink:to="ifrs-full_EmployeeBenefitsExpense" order="7" xlink:arcrole="http://www.xbrl.org/2003/arcrole/summation-item" priority="1" weight="1.0" />
    <calculationArc xlink:type="arc" xlink:from="abignitisgrupe_ExpensesForEbitda" xlink:to="ifrs-full_RepairsAndMaintenanceExpense" order="7" xlink:arcrole="http://www.xbrl.org/2003/arcrole/summation-item" priority="1" weight="1.0" />
    <calculationArc xlink:type="arc" xlink:from="abignitisgrupe_ExpensesForEbitda" xlink:to="ifrs-full_OtherExpenseByNature" order="7" xlink:arcrole="http://www.xbrl.org/2003/arcrole/summation-item" priority="1" weight="1.0" />
    <calculationArc xlink:type="arc" xlink:from="ifrs-full_ProfitLossFromOperatingActivities" xlink:to="abignitisgrupe_Ebitda" order="11" xlink:arcrole="http://www.xbrl.org/2003/arcrole/summation-item" priority="1" weight="1.0" />
    <calculationArc xlink:type="arc" xlink:from="ifrs-full_ProfitLossFromOperatingActivities" xlink:to="ifrs-full_DepreciationAndAmortisationExpense" order="11" xlink:arcrole="http://www.xbrl.org/2003/arcrole/summation-item" priority="1" weight="-1.0" />
    <calculationArc xlink:type="arc" xlink:from="ifrs-full_ProfitLossFromOperatingActivities" xlink:to="abignitisgrupe_WriteOffsRevaluationAndImpairmentLossesOfPropertyPlantAndEquipmentAndIntangibleAssets" order="11" xlink:arcrole="http://www.xbrl.org/2003/arcrole/summation-item" priority="1" weight="-1.0" />
    <calculationArc xlink:type="arc" xlink:from="ifrs-full_FinanceIncomeCost" xlink:to="ifrs-full_FinanceIncome" order="14" xlink:arcrole="http://www.xbrl.org/2003/arcrole/summation-item" priority="1" weight="1.0" />
    <calculationArc xlink:type="arc" xlink:from="ifrs-full_FinanceIncomeCost" xlink:to="ifrs-full_FinanceCosts" order="14" xlink:arcrole="http://www.xbrl.org/2003/arcrole/summation-item" priority="1" weight="-1.0" />
    <calculationArc xlink:type="arc" xlink:from="ifrs-full_ProfitLossBeforeTax" xlink:to="ifrs-full_FinanceIncomeCost" order="15" xlink:arcrole="http://www.xbrl.org/2003/arcrole/summation-item" priority="1" weight="1.0" />
    <calculationArc xlink:type="arc" xlink:from="ifrs-full_ProfitLossBeforeTax" xlink:to="ifrs-full_ProfitLossFromOperatingActivities" order="15" xlink:arcrole="http://www.xbrl.org/2003/arcrole/summation-item" priority="1" weight="1.0" />
    <calculationArc xlink:type="arc" xlink:from="ifrs-full_ProfitLoss" xlink:to="ifrs-full_ProfitLossBeforeTax" order="17" xlink:arcrole="http://www.xbrl.org/2003/arcrole/summation-item" priority="1" weight="1.0" />
    <calculationArc xlink:type="arc" xlink:from="ifrs-full_ProfitLoss" xlink:to="ifrs-full_IncomeTaxExpenseContinuingOperations" order="17" xlink:arcrole="http://www.xbrl.org/2003/arcrole/summation-item" priority="1" weight="-1.0" />
  </calculationLink>
  <calculationLink xlink:role="http://abignitisgrupe.com/xbrl/2023/roles/StatementOfComprehensiveIncome" xlink:type="extended" xmlns:xlink="http://www.w3.org/1999/xlink">
    <loc xlink:type="locator" xlink:href="https://xbrl.ifrs.org/taxonomy/2022-03-24/full_ifrs/full_ifrs-cor_2022-03-24.xsd#ifrs-full_OtherComprehensiveIncomeThatWillNotBeReclassifiedToProfitOrLossNetOfTax" xlink:label="ifrs-full_OtherComprehensiveIncomeThatWillNotBeReclassifiedToProfitOrLossNetOfTax" />
    <loc xlink:type="locator" xlink:href="abignitisgrupe-2023-12-31.xsd#abignitisgrupe_RevaluationOfPropertyPlantAndEquipment" xlink:label="abignitisgrupe_RevaluationOfPropertyPlantAndEquipment" />
    <loc xlink:type="locator" xlink:href="https://xbrl.ifrs.org/taxonomy/2022-03-24/full_ifrs/full_ifrs-cor_2022-03-24.xsd#ifrs-full_OtherComprehensiveIncomeNetOfTaxGainsLossesOnRemeasurementsOfDefinedBenefitPlans" xlink:label="ifrs-full_OtherComprehensiveIncomeNetOfTaxGainsLossesOnRemeasurementsOfDefinedBenefitPlans" />
    <loc xlink:type="locator" xlink:href="https://xbrl.ifrs.org/taxonomy/2022-03-24/full_ifrs/full_ifrs-cor_2022-03-24.xsd#ifrs-full_OtherComprehensiveIncomeThatWillBeReclassifiedToProfitOrLossNetOfTax" xlink:label="ifrs-full_OtherComprehensiveIncomeThatWillBeReclassifiedToProfitOrLossNetOfTax" />
    <loc xlink:type="locator" xlink:href="https://xbrl.ifrs.org/taxonomy/2022-03-24/full_ifrs/full_ifrs-cor_2022-03-24.xsd#ifrs-full_OtherComprehensiveIncomeNetOfTaxExchangeDifferencesOnTranslation" xlink:label="ifrs-full_OtherComprehensiveIncomeNetOfTaxExchangeDifferencesOnTranslation" />
    <loc xlink:type="locator" xlink:href="https://xbrl.ifrs.org/taxonomy/2022-03-24/full_ifrs/full_ifrs-cor_2022-03-24.xsd#ifrs-full_GainsLossesOnCashFlowHedgesBeforeTax" xlink:label="ifrs-full_GainsLossesOnCashFlowHedgesBeforeTax" />
    <loc xlink:type="locator" xlink:href="https://xbrl.ifrs.org/taxonomy/2022-03-24/full_ifrs/full_ifrs-cor_2022-03-24.xsd#ifrs-full_ReclassificationAdjustmentsOnCashFlowHedgesBeforeTax" xlink:label="ifrs-full_ReclassificationAdjustmentsOnCashFlowHedgesBeforeTax" />
    <loc xlink:type="locator" xlink:href="https://xbrl.ifrs.org/taxonomy/2022-03-24/full_ifrs/full_ifrs-cor_2022-03-24.xsd#ifrs-full_OtherComprehensiveIncome" xlink:label="ifrs-full_OtherComprehensiveIncome" />
    <loc xlink:type="locator" xlink:href="https://xbrl.ifrs.org/taxonomy/2022-03-24/full_ifrs/full_ifrs-cor_2022-03-24.xsd#ifrs-full_ComprehensiveIncome" xlink:label="ifrs-full_ComprehensiveIncome" />
    <loc xlink:type="locator" xlink:href="https://xbrl.ifrs.org/taxonomy/2022-03-24/full_ifrs/full_ifrs-cor_2022-03-24.xsd#ifrs-full_ProfitLoss" xlink:label="ifrs-full_ProfitLoss" />
    <calculationArc xlink:type="arc" xlink:from="ifrs-full_OtherComprehensiveIncomeThatWillNotBeReclassifiedToProfitOrLossNetOfTax" xlink:to="abignitisgrupe_RevaluationOfPropertyPlantAndEquipment" order="3" xlink:arcrole="http://www.xbrl.org/2003/arcrole/summation-item" priority="1" weight="1.0" />
    <calculationArc xlink:type="arc" xlink:from="ifrs-full_OtherComprehensiveIncomeThatWillNotBeReclassifiedToProfitOrLossNetOfTax" xlink:to="ifrs-full_OtherComprehensiveIncomeNetOfTaxGainsLossesOnRemeasurementsOfDefinedBenefitPlans" order="4" xlink:arcrole="http://www.xbrl.org/2003/arcrole/summation-item" priority="1" weight="1.0" />
    <calculationArc xlink:type="arc" xlink:from="ifrs-full_OtherComprehensiveIncomeThatWillBeReclassifiedToProfitOrLossNetOfTax" xlink:to="ifrs-full_OtherComprehensiveIncomeNetOfTaxExchangeDifferencesOnTranslation" order="8" xlink:arcrole="http://www.xbrl.org/2003/arcrole/summation-item" priority="1" weight="1.0" />
    <calculationArc xlink:type="arc" xlink:from="ifrs-full_OtherComprehensiveIncomeThatWillBeReclassifiedToProfitOrLossNetOfTax" xlink:to="ifrs-full_GainsLossesOnCashFlowHedgesBeforeTax" order="6" xlink:arcrole="http://www.xbrl.org/2003/arcrole/summation-item" priority="1" weight="1.0" />
    <calculationArc xlink:type="arc" xlink:from="ifrs-full_OtherComprehensiveIncomeThatWillBeReclassifiedToProfitOrLossNetOfTax" xlink:to="ifrs-full_ReclassificationAdjustmentsOnCashFlowHedgesBeforeTax" order="7" xlink:arcrole="http://www.xbrl.org/2003/arcrole/summation-item" priority="1" weight="-1.0" />
    <calculationArc xlink:type="arc" xlink:from="ifrs-full_OtherComprehensiveIncome" xlink:to="ifrs-full_OtherComprehensiveIncomeThatWillBeReclassifiedToProfitOrLossNetOfTax" order="9" xlink:arcrole="http://www.xbrl.org/2003/arcrole/summation-item" priority="1" weight="1.0" />
    <calculationArc xlink:type="arc" xlink:from="ifrs-full_OtherComprehensiveIncome" xlink:to="ifrs-full_OtherComprehensiveIncomeThatWillNotBeReclassifiedToProfitOrLossNetOfTax" order="5" xlink:arcrole="http://www.xbrl.org/2003/arcrole/summation-item" priority="1" weight="1.0" />
    <calculationArc xlink:type="arc" xlink:from="ifrs-full_ComprehensiveIncome" xlink:to="ifrs-full_OtherComprehensiveIncome" order="10" xlink:arcrole="http://www.xbrl.org/2003/arcrole/summation-item" priority="1" weight="1.0" />
    <calculationArc xlink:type="arc" xlink:from="ifrs-full_ComprehensiveIncome" xlink:to="ifrs-full_ProfitLoss" order="2" xlink:arcrole="http://www.xbrl.org/2003/arcrole/summation-item" priority="1" weight="1.0" />
  </calculationLink>
  <calculationLink xlink:role="http://abignitisgrupe.com/xbrl/2023/roles/StatementOfFinancialPosition" xlink:type="extended" xmlns:xlink="http://www.w3.org/1999/xlink">
    <loc xlink:type="locator" xlink:href="https://xbrl.ifrs.org/taxonomy/2022-03-24/full_ifrs/full_ifrs-cor_2022-03-24.xsd#ifrs-full_NoncurrentAssets" xlink:label="ifrs-full_NoncurrentAssets" />
    <loc xlink:type="locator" xlink:href="https://xbrl.ifrs.org/taxonomy/2022-03-24/full_ifrs/full_ifrs-cor_2022-03-24.xsd#ifrs-full_IntangibleAssetsAndGoodwill" xlink:label="ifrs-full_IntangibleAssetsAndGoodwill" />
    <loc xlink:type="locator" xlink:href="https://xbrl.ifrs.org/taxonomy/2022-03-24/full_ifrs/full_ifrs-cor_2022-03-24.xsd#ifrs-full_PropertyPlantAndEquipment" xlink:label="ifrs-full_PropertyPlantAndEquipment" />
    <loc xlink:type="locator" xlink:href="https://xbrl.ifrs.org/taxonomy/2022-03-24/full_ifrs/full_ifrs-cor_2022-03-24.xsd#ifrs-full_RightofuseAssets" xlink:label="ifrs-full_RightofuseAssets" />
    <loc xlink:type="locator" xlink:href="https://xbrl.ifrs.org/taxonomy/2022-03-24/full_ifrs/full_ifrs-cor_2022-03-24.xsd#ifrs-full_NoncurrentPrepayments" xlink:label="ifrs-full_NoncurrentPrepayments" />
    <loc xlink:type="locator" xlink:href="https://xbrl.ifrs.org/taxonomy/2022-03-24/full_ifrs/full_ifrs-cor_2022-03-24.xsd#ifrs-full_InvestmentProperty" xlink:label="ifrs-full_InvestmentProperty" />
    <loc xlink:type="locator" xlink:href="https://xbrl.ifrs.org/taxonomy/2022-03-24/full_ifrs/full_ifrs-cor_2022-03-24.xsd#ifrs-full_NoncurrentReceivables" xlink:label="ifrs-full_NoncurrentReceivables" />
    <loc xlink:type="locator" xlink:href="https://xbrl.ifrs.org/taxonomy/2022-03-24/full_ifrs/full_ifrs-cor_2022-03-24.xsd#ifrs-full_OtherNoncurrentFinancialAssets" xlink:label="ifrs-full_OtherNoncurrentFinancialAssets" />
    <loc xlink:type="locator" xlink:href="https://xbrl.ifrs.org/taxonomy/2022-03-24/full_ifrs/full_ifrs-cor_2022-03-24.xsd#ifrs-full_OtherNoncurrentNonfinancialAssets" xlink:label="ifrs-full_OtherNoncurrentNonfinancialAssets" />
    <loc xlink:type="locator" xlink:href="https://xbrl.ifrs.org/taxonomy/2022-03-24/full_ifrs/full_ifrs-cor_2022-03-24.xsd#ifrs-full_DeferredTaxAssets" xlink:label="ifrs-full_DeferredTaxAssets" />
    <loc xlink:type="locator" xlink:href="https://xbrl.ifrs.org/taxonomy/2022-03-24/full_ifrs/full_ifrs-cor_2022-03-24.xsd#ifrs-full_CurrentAssets" xlink:label="ifrs-full_CurrentAssets" />
    <loc xlink:type="locator" xlink:href="https://xbrl.ifrs.org/taxonomy/2022-03-24/full_ifrs/full_ifrs-cor_2022-03-24.xsd#ifrs-full_NoncurrentAssetsOrDisposalGroupsClassifiedAsHeldForSale" xlink:label="ifrs-full_NoncurrentAssetsOrDisposalGroupsClassifiedAsHeldForSale" />
    <loc xlink:type="locator" xlink:href="https://xbrl.ifrs.org/taxonomy/2022-03-24/full_ifrs/full_ifrs-cor_2022-03-24.xsd#ifrs-full_OtherCurrentNonfinancialAssets" xlink:label="ifrs-full_OtherCurrentNonfinancialAssets" />
    <loc xlink:type="locator" xlink:href="https://xbrl.ifrs.org/taxonomy/2022-03-24/full_ifrs/full_ifrs-cor_2022-03-24.xsd#ifrs-full_CurrentTaxAssetsCurrent" xlink:label="ifrs-full_CurrentTaxAssetsCurrent" />
    <loc xlink:type="locator" xlink:href="https://xbrl.ifrs.org/taxonomy/2022-03-24/full_ifrs/full_ifrs-cor_2022-03-24.xsd#ifrs-full_CashAndCashEquivalents" xlink:label="ifrs-full_CashAndCashEquivalents" />
    <loc xlink:type="locator" xlink:href="https://xbrl.ifrs.org/taxonomy/2022-03-24/full_ifrs/full_ifrs-cor_2022-03-24.xsd#ifrs-full_Inventories" xlink:label="ifrs-full_Inventories" />
    <loc xlink:type="locator" xlink:href="https://xbrl.ifrs.org/taxonomy/2022-03-24/full_ifrs/full_ifrs-cor_2022-03-24.xsd#ifrs-full_CurrentPrepayments" xlink:label="ifrs-full_CurrentPrepayments" />
    <loc xlink:type="locator" xlink:href="https://xbrl.ifrs.org/taxonomy/2022-03-24/full_ifrs/full_ifrs-cor_2022-03-24.xsd#ifrs-full_CurrentTradeReceivables" xlink:label="ifrs-full_CurrentTradeReceivables" />
    <loc xlink:type="locator" xlink:href="https://xbrl.ifrs.org/taxonomy/2022-03-24/full_ifrs/full_ifrs-cor_2022-03-24.xsd#ifrs-full_OtherCurrentReceivables" xlink:label="ifrs-full_OtherCurrentReceivables" />
    <loc xlink:type="locator" xlink:href="https://xbrl.ifrs.org/taxonomy/2022-03-24/full_ifrs/full_ifrs-cor_2022-03-24.xsd#ifrs-full_OtherFinancialAssets" xlink:label="ifrs-full_OtherFinancialAssets" />
    <loc xlink:type="locator" xlink:href="https://xbrl.ifrs.org/taxonomy/2022-03-24/full_ifrs/full_ifrs-cor_2022-03-24.xsd#ifrs-full_Assets" xlink:label="ifrs-full_Assets" />
    <loc xlink:type="locator" xlink:href="https://xbrl.ifrs.org/taxonomy/2022-03-24/full_ifrs/full_ifrs-cor_2022-03-24.xsd#ifrs-full_EquityAttributableToOwnersOfParent" xlink:label="ifrs-full_EquityAttributableToOwnersOfParent" />
    <loc xlink:type="locator" xlink:href="https://xbrl.ifrs.org/taxonomy/2022-03-24/full_ifrs/full_ifrs-cor_2022-03-24.xsd#ifrs-full_IssuedCapital" xlink:label="ifrs-full_IssuedCapital" />
    <loc xlink:type="locator" xlink:href="https://xbrl.ifrs.org/taxonomy/2022-03-24/full_ifrs/full_ifrs-cor_2022-03-24.xsd#ifrs-full_TreasuryShares" xlink:label="ifrs-full_TreasuryShares" />
    <loc xlink:type="locator" xlink:href="abignitisgrupe-2023-12-31.xsd#abignitisgrupe_Reserves" xlink:label="abignitisgrupe_Reserves" />
    <loc xlink:type="locator" xlink:href="https://xbrl.ifrs.org/taxonomy/2022-03-24/full_ifrs/full_ifrs-cor_2022-03-24.xsd#ifrs-full_RetainedEarnings" xlink:label="ifrs-full_RetainedEarnings" />
    <loc xlink:type="locator" xlink:href="https://xbrl.ifrs.org/taxonomy/2022-03-24/full_ifrs/full_ifrs-cor_2022-03-24.xsd#ifrs-full_Equity" xlink:label="ifrs-full_Equity" />
    <loc xlink:type="locator" xlink:href="https://xbrl.ifrs.org/taxonomy/2022-03-24/full_ifrs/full_ifrs-cor_2022-03-24.xsd#ifrs-full_NoncontrollingInterests" xlink:label="ifrs-full_NoncontrollingInterests" />
    <loc xlink:type="locator" xlink:href="https://xbrl.ifrs.org/taxonomy/2022-03-24/full_ifrs/full_ifrs-cor_2022-03-24.xsd#ifrs-full_NoncurrentLiabilities" xlink:label="ifrs-full_NoncurrentLiabilities" />
    <loc xlink:type="locator" xlink:href="https://xbrl.ifrs.org/taxonomy/2022-03-24/full_ifrs/full_ifrs-cor_2022-03-24.xsd#ifrs-full_NoncurrentPortionOfNoncurrentLoansReceived" xlink:label="ifrs-full_NoncurrentPortionOfNoncurrentLoansReceived" />
    <loc xlink:type="locator" xlink:href="https://xbrl.ifrs.org/taxonomy/2022-03-24/full_ifrs/full_ifrs-cor_2022-03-24.xsd#ifrs-full_NoncurrentLeaseLiabilities" xlink:label="ifrs-full_NoncurrentLeaseLiabilities" />
    <loc xlink:type="locator" xlink:href="https://xbrl.ifrs.org/taxonomy/2022-03-24/full_ifrs/full_ifrs-cor_2022-03-24.xsd#ifrs-full_NoncurrentGovernmentGrants" xlink:label="ifrs-full_NoncurrentGovernmentGrants" />
    <loc xlink:type="locator" xlink:href="https://xbrl.ifrs.org/taxonomy/2022-03-24/full_ifrs/full_ifrs-cor_2022-03-24.xsd#ifrs-full_DeferredTaxLiabilities" xlink:label="ifrs-full_DeferredTaxLiabilities" />
    <loc xlink:type="locator" xlink:href="https://xbrl.ifrs.org/taxonomy/2022-03-24/full_ifrs/full_ifrs-cor_2022-03-24.xsd#ifrs-full_NoncurrentProvisions" xlink:label="ifrs-full_NoncurrentProvisions" />
    <loc xlink:type="locator" xlink:href="https://xbrl.ifrs.org/taxonomy/2022-03-24/full_ifrs/full_ifrs-cor_2022-03-24.xsd#ifrs-full_NoncurrentAccrualsAndNoncurrentDeferredIncomeIncludingNoncurrentContractLiabilities" xlink:label="ifrs-full_NoncurrentAccrualsAndNoncurrentDeferredIncomeIncludingNoncurrentContractLiabilities" />
    <loc xlink:type="locator" xlink:href="https://xbrl.ifrs.org/taxonomy/2022-03-24/full_ifrs/full_ifrs-cor_2022-03-24.xsd#ifrs-full_OtherNoncurrentLiabilities" xlink:label="ifrs-full_OtherNoncurrentLiabilities" />
    <loc xlink:type="locator" xlink:href="https://xbrl.ifrs.org/taxonomy/2022-03-24/full_ifrs/full_ifrs-cor_2022-03-24.xsd#ifrs-full_CurrentLiabilities" xlink:label="ifrs-full_CurrentLiabilities" />
    <loc xlink:type="locator" xlink:href="https://xbrl.ifrs.org/taxonomy/2022-03-24/full_ifrs/full_ifrs-cor_2022-03-24.xsd#ifrs-full_ShorttermBorrowings" xlink:label="ifrs-full_ShorttermBorrowings" />
    <loc xlink:type="locator" xlink:href="https://xbrl.ifrs.org/taxonomy/2022-03-24/full_ifrs/full_ifrs-cor_2022-03-24.xsd#ifrs-full_CurrentLeaseLiabilities" xlink:label="ifrs-full_CurrentLeaseLiabilities" />
    <loc xlink:type="locator" xlink:href="https://xbrl.ifrs.org/taxonomy/2022-03-24/full_ifrs/full_ifrs-cor_2022-03-24.xsd#ifrs-full_TradeAndOtherCurrentPayablesToTradeSuppliers" xlink:label="ifrs-full_TradeAndOtherCurrentPayablesToTradeSuppliers" />
    <loc xlink:type="locator" xlink:href="https://xbrl.ifrs.org/taxonomy/2022-03-24/full_ifrs/full_ifrs-cor_2022-03-24.xsd#ifrs-full_CurrentAdvances" xlink:label="ifrs-full_CurrentAdvances" />
    <loc xlink:type="locator" xlink:href="https://xbrl.ifrs.org/taxonomy/2022-03-24/full_ifrs/full_ifrs-cor_2022-03-24.xsd#ifrs-full_CurrentTaxLiabilitiesCurrent" xlink:label="ifrs-full_CurrentTaxLiabilitiesCurrent" />
    <loc xlink:type="locator" xlink:href="https://xbrl.ifrs.org/taxonomy/2022-03-24/full_ifrs/full_ifrs-cor_2022-03-24.xsd#ifrs-full_CurrentProvisions" xlink:label="ifrs-full_CurrentProvisions" />
    <loc xlink:type="locator" xlink:href="https://xbrl.ifrs.org/taxonomy/2022-03-24/full_ifrs/full_ifrs-cor_2022-03-24.xsd#ifrs-full_CurrentDeferredIncomeIncludingCurrentContractLiabilities" xlink:label="ifrs-full_CurrentDeferredIncomeIncludingCurrentContractLiabilities" />
    <loc xlink:type="locator" xlink:href="https://xbrl.ifrs.org/taxonomy/2022-03-24/full_ifrs/full_ifrs-cor_2022-03-24.xsd#ifrs-full_OtherCurrentLiabilities" xlink:label="ifrs-full_OtherCurrentLiabilities" />
    <loc xlink:type="locator" xlink:href="https://xbrl.ifrs.org/taxonomy/2022-03-24/full_ifrs/full_ifrs-cor_2022-03-24.xsd#ifrs-full_Liabilities" xlink:label="ifrs-full_Liabilities" />
    <loc xlink:type="locator" xlink:href="https://xbrl.ifrs.org/taxonomy/2022-03-24/full_ifrs/full_ifrs-cor_2022-03-24.xsd#ifrs-full_EquityAndLiabilities" xlink:label="ifrs-full_EquityAndLiabilities" />
    <calculationArc xlink:type="arc" xlink:from="ifrs-full_NoncurrentAssets" xlink:to="ifrs-full_IntangibleAssetsAndGoodwill" order="3" xlink:arcrole="http://www.xbrl.org/2003/arcrole/summation-item" priority="1" weight="1.0" />
    <calculationArc xlink:type="arc" xlink:from="ifrs-full_NoncurrentAssets" xlink:to="ifrs-full_PropertyPlantAndEquipment" order="4" xlink:arcrole="http://www.xbrl.org/2003/arcrole/summation-item" priority="1" weight="1.0" />
    <calculationArc xlink:type="arc" xlink:from="ifrs-full_NoncurrentAssets" xlink:to="ifrs-full_RightofuseAssets" order="5" xlink:arcrole="http://www.xbrl.org/2003/arcrole/summation-item" priority="1" weight="1.0" />
    <calculationArc xlink:type="arc" xlink:from="ifrs-full_NoncurrentAssets" xlink:to="ifrs-full_NoncurrentPrepayments" order="6" xlink:arcrole="http://www.xbrl.org/2003/arcrole/summation-item" priority="1" weight="1.0" />
    <calculationArc xlink:type="arc" xlink:from="ifrs-full_NoncurrentAssets" xlink:to="ifrs-full_InvestmentProperty" order="7" xlink:arcrole="http://www.xbrl.org/2003/arcrole/summation-item" priority="1" weight="1.0" />
    <calculationArc xlink:type="arc" xlink:from="ifrs-full_NoncurrentAssets" xlink:to="ifrs-full_NoncurrentReceivables" order="8" xlink:arcrole="http://www.xbrl.org/2003/arcrole/summation-item" priority="1" weight="1.0" />
    <calculationArc xlink:type="arc" xlink:from="ifrs-full_NoncurrentAssets" xlink:to="ifrs-full_OtherNoncurrentFinancialAssets" order="9" xlink:arcrole="http://www.xbrl.org/2003/arcrole/summation-item" priority="1" weight="1.0" />
    <calculationArc xlink:type="arc" xlink:from="ifrs-full_NoncurrentAssets" xlink:to="ifrs-full_OtherNoncurrentNonfinancialAssets" order="10" xlink:arcrole="http://www.xbrl.org/2003/arcrole/summation-item" priority="1" weight="1.0" />
    <calculationArc xlink:type="arc" xlink:from="ifrs-full_NoncurrentAssets" xlink:to="ifrs-full_DeferredTaxAssets" order="11" xlink:arcrole="http://www.xbrl.org/2003/arcrole/summation-item" priority="1" weight="1.0" />
    <calculationArc xlink:type="arc" xlink:from="ifrs-full_CurrentAssets" xlink:to="ifrs-full_NoncurrentAssetsOrDisposalGroupsClassifiedAsHeldForSale" order="21" xlink:arcrole="http://www.xbrl.org/2003/arcrole/summation-item" priority="1" weight="1.0" />
    <calculationArc xlink:type="arc" xlink:from="ifrs-full_CurrentAssets" xlink:to="ifrs-full_OtherCurrentNonfinancialAssets" order="18" xlink:arcrole="http://www.xbrl.org/2003/arcrole/summation-item" priority="1" weight="1.0" />
    <calculationArc xlink:type="arc" xlink:from="ifrs-full_CurrentAssets" xlink:to="ifrs-full_CurrentTaxAssetsCurrent" order="19" xlink:arcrole="http://www.xbrl.org/2003/arcrole/summation-item" priority="1" weight="1.0" />
    <calculationArc xlink:type="arc" xlink:from="ifrs-full_CurrentAssets" xlink:to="ifrs-full_CashAndCashEquivalents" order="20" xlink:arcrole="http://www.xbrl.org/2003/arcrole/summation-item" priority="1" weight="1.0" />
    <calculationArc xlink:type="arc" xlink:from="ifrs-full_CurrentAssets" xlink:to="ifrs-full_Inventories" order="13" xlink:arcrole="http://www.xbrl.org/2003/arcrole/summation-item" priority="1" weight="1.0" />
    <calculationArc xlink:type="arc" xlink:from="ifrs-full_CurrentAssets" xlink:to="ifrs-full_CurrentPrepayments" order="14" xlink:arcrole="http://www.xbrl.org/2003/arcrole/summation-item" priority="1" weight="1.0" />
    <calculationArc xlink:type="arc" xlink:from="ifrs-full_CurrentAssets" xlink:to="ifrs-full_CurrentTradeReceivables" order="15" xlink:arcrole="http://www.xbrl.org/2003/arcrole/summation-item" priority="1" weight="1.0" />
    <calculationArc xlink:type="arc" xlink:from="ifrs-full_CurrentAssets" xlink:to="ifrs-full_OtherCurrentReceivables" order="16" xlink:arcrole="http://www.xbrl.org/2003/arcrole/summation-item" priority="1" weight="1.0" />
    <calculationArc xlink:type="arc" xlink:from="ifrs-full_CurrentAssets" xlink:to="ifrs-full_OtherFinancialAssets" order="17" xlink:arcrole="http://www.xbrl.org/2003/arcrole/summation-item" priority="1" weight="1.0" />
    <calculationArc xlink:type="arc" xlink:from="ifrs-full_Assets" xlink:to="ifrs-full_CurrentAssets" order="22" xlink:arcrole="http://www.xbrl.org/2003/arcrole/summation-item" priority="1" weight="1.0" />
    <calculationArc xlink:type="arc" xlink:from="ifrs-full_Assets" xlink:to="ifrs-full_NoncurrentAssets" order="12" xlink:arcrole="http://www.xbrl.org/2003/arcrole/summation-item" priority="1" weight="1.0" />
    <calculationArc xlink:type="arc" xlink:from="ifrs-full_EquityAttributableToOwnersOfParent" xlink:to="ifrs-full_IssuedCapital" order="3" xlink:arcrole="http://www.xbrl.org/2003/arcrole/summation-item" priority="1" weight="1.0" />
    <calculationArc xlink:type="arc" xlink:from="ifrs-full_EquityAttributableToOwnersOfParent" xlink:to="ifrs-full_TreasuryShares" order="4" xlink:arcrole="http://www.xbrl.org/2003/arcrole/summation-item" priority="1" weight="-1.0" />
    <calculationArc xlink:type="arc" xlink:from="ifrs-full_EquityAttributableToOwnersOfParent" xlink:to="abignitisgrupe_Reserves" order="5" xlink:arcrole="http://www.xbrl.org/2003/arcrole/summation-item" priority="1" weight="1.0" />
    <calculationArc xlink:type="arc" xlink:from="ifrs-full_EquityAttributableToOwnersOfParent" xlink:to="ifrs-full_RetainedEarnings" order="6" xlink:arcrole="http://www.xbrl.org/2003/arcrole/summation-item" priority="1" weight="1.0" />
    <calculationArc xlink:type="arc" xlink:from="ifrs-full_Equity" xlink:to="ifrs-full_EquityAttributableToOwnersOfParent" order="8" xlink:arcrole="http://www.xbrl.org/2003/arcrole/summation-item" priority="1" weight="1.0" />
    <calculationArc xlink:type="arc" xlink:from="ifrs-full_Equity" xlink:to="ifrs-full_NoncontrollingInterests" order="9" xlink:arcrole="http://www.xbrl.org/2003/arcrole/summation-item" priority="1" weight="1.0" />
    <calculationArc xlink:type="arc" xlink:from="ifrs-full_NoncurrentLiabilities" xlink:to="ifrs-full_NoncurrentPortionOfNoncurrentLoansReceived" order="11" xlink:arcrole="http://www.xbrl.org/2003/arcrole/summation-item" priority="1" weight="1.0" />
    <calculationArc xlink:type="arc" xlink:from="ifrs-full_NoncurrentLiabilities" xlink:to="ifrs-full_NoncurrentLeaseLiabilities" order="12" xlink:arcrole="http://www.xbrl.org/2003/arcrole/summation-item" priority="1" weight="1.0" />
    <calculationArc xlink:type="arc" xlink:from="ifrs-full_NoncurrentLiabilities" xlink:to="ifrs-full_NoncurrentGovernmentGrants" order="13" xlink:arcrole="http://www.xbrl.org/2003/arcrole/summation-item" priority="1" weight="1.0" />
    <calculationArc xlink:type="arc" xlink:from="ifrs-full_NoncurrentLiabilities" xlink:to="ifrs-full_DeferredTaxLiabilities" order="14" xlink:arcrole="http://www.xbrl.org/2003/arcrole/summation-item" priority="1" weight="1.0" />
    <calculationArc xlink:type="arc" xlink:from="ifrs-full_NoncurrentLiabilities" xlink:to="ifrs-full_NoncurrentProvisions" order="15" xlink:arcrole="http://www.xbrl.org/2003/arcrole/summation-item" priority="1" weight="1.0" />
    <calculationArc xlink:type="arc" xlink:from="ifrs-full_NoncurrentLiabilities" xlink:to="ifrs-full_NoncurrentAccrualsAndNoncurrentDeferredIncomeIncludingNoncurrentContractLiabilities" order="16" xlink:arcrole="http://www.xbrl.org/2003/arcrole/summation-item" priority="1" weight="1.0" />
    <calculationArc xlink:type="arc" xlink:from="ifrs-full_NoncurrentLiabilities" xlink:to="ifrs-full_OtherNoncurrentLiabilities" order="17" xlink:arcrole="http://www.xbrl.org/2003/arcrole/summation-item" priority="1" weight="1.0" />
    <calculationArc xlink:type="arc" xlink:from="ifrs-full_CurrentLiabilities" xlink:to="ifrs-full_ShorttermBorrowings" order="19" xlink:arcrole="http://www.xbrl.org/2003/arcrole/summation-item" priority="1" weight="1.0" />
    <calculationArc xlink:type="arc" xlink:from="ifrs-full_CurrentLiabilities" xlink:to="ifrs-full_CurrentLeaseLiabilities" order="20" xlink:arcrole="http://www.xbrl.org/2003/arcrole/summation-item" priority="1" weight="1.0" />
    <calculationArc xlink:type="arc" xlink:from="ifrs-full_CurrentLiabilities" xlink:to="ifrs-full_TradeAndOtherCurrentPayablesToTradeSuppliers" order="21" xlink:arcrole="http://www.xbrl.org/2003/arcrole/summation-item" priority="1" weight="1.0" />
    <calculationArc xlink:type="arc" xlink:from="ifrs-full_CurrentLiabilities" xlink:to="ifrs-full_CurrentAdvances" order="22" xlink:arcrole="http://www.xbrl.org/2003/arcrole/summation-item" priority="1" weight="1.0" />
    <calculationArc xlink:type="arc" xlink:from="ifrs-full_CurrentLiabilities" xlink:to="ifrs-full_CurrentTaxLiabilitiesCurrent" order="23" xlink:arcrole="http://www.xbrl.org/2003/arcrole/summation-item" priority="1" weight="1.0" />
    <calculationArc xlink:type="arc" xlink:from="ifrs-full_CurrentLiabilities" xlink:to="ifrs-full_CurrentProvisions" order="24" xlink:arcrole="http://www.xbrl.org/2003/arcrole/summation-item" priority="1" weight="1.0" />
    <calculationArc xlink:type="arc" xlink:from="ifrs-full_CurrentLiabilities" xlink:to="ifrs-full_CurrentDeferredIncomeIncludingCurrentContractLiabilities" order="25" xlink:arcrole="http://www.xbrl.org/2003/arcrole/summation-item" priority="1" weight="1.0" />
    <calculationArc xlink:type="arc" xlink:from="ifrs-full_CurrentLiabilities" xlink:to="ifrs-full_OtherCurrentLiabilities" order="26" xlink:arcrole="http://www.xbrl.org/2003/arcrole/summation-item" priority="1" weight="1.0" />
    <calculationArc xlink:type="arc" xlink:from="ifrs-full_Liabilities" xlink:to="ifrs-full_CurrentLiabilities" order="27" xlink:arcrole="http://www.xbrl.org/2003/arcrole/summation-item" priority="1" weight="1.0" />
    <calculationArc xlink:type="arc" xlink:from="ifrs-full_Liabilities" xlink:to="ifrs-full_NoncurrentLiabilities" order="18" xlink:arcrole="http://www.xbrl.org/2003/arcrole/summation-item" priority="1" weight="1.0" />
    <calculationArc xlink:type="arc" xlink:from="ifrs-full_EquityAndLiabilities" xlink:to="ifrs-full_Liabilities" order="28" xlink:arcrole="http://www.xbrl.org/2003/arcrole/summation-item" priority="1" weight="1.0" />
    <calculationArc xlink:type="arc" xlink:from="ifrs-full_EquityAndLiabilities" xlink:to="ifrs-full_EquityAttributableToOwnersOfParent" order="8" xlink:arcrole="http://www.xbrl.org/2003/arcrole/summation-item" priority="1" weight="1.0" />
  </calculationLink>
  <calculationLink xlink:role="http://abignitisgrupe.com/xbrl/2023/roles/StatementOfCashFlows" xlink:type="extended" xmlns:xlink="http://www.w3.org/1999/xlink">
    <loc xlink:type="locator" xlink:href="https://xbrl.ifrs.org/taxonomy/2022-03-24/full_ifrs/full_ifrs-cor_2022-03-24.xsd#ifrs-full_CashFlowsFromUsedInOperatingActivities" xlink:label="ifrs-full_CashFlowsFromUsedInOperatingActivities" />
    <loc xlink:type="locator" xlink:href="https://xbrl.ifrs.org/taxonomy/2022-03-24/full_ifrs/full_ifrs-cor_2022-03-24.xsd#ifrs-full_AdjustmentsForIncreaseDecreaseInOtherLiabilities" xlink:label="ifrs-full_AdjustmentsForIncreaseDecreaseInOtherLiabilities" />
    <loc xlink:type="locator" xlink:href="https://xbrl.ifrs.org/taxonomy/2022-03-24/full_ifrs/full_ifrs-cor_2022-03-24.xsd#ifrs-full_IncomeTaxesPaidClassifiedAsOperatingActivities" xlink:label="ifrs-full_IncomeTaxesPaidClassifiedAsOperatingActivities" />
    <loc xlink:type="locator" xlink:href="https://xbrl.ifrs.org/taxonomy/2022-03-24/full_ifrs/full_ifrs-cor_2022-03-24.xsd#ifrs-full_ProfitLoss" xlink:label="ifrs-full_ProfitLoss" />
    <loc xlink:type="locator" xlink:href="https://xbrl.ifrs.org/taxonomy/2022-03-24/full_ifrs/full_ifrs-cor_2022-03-24.xsd#ifrs-full_AdjustmentsForDepreciationAndAmortisationExpense" xlink:label="ifrs-full_AdjustmentsForDepreciationAndAmortisationExpense" />
    <loc xlink:type="locator" xlink:href="abignitisgrupe-2023-12-31.xsd#abignitisgrupe_DepreciationAndAmortisationOfGrants" xlink:label="abignitisgrupe_DepreciationAndAmortisationOfGrants" />
    <loc xlink:type="locator" xlink:href="https://xbrl.ifrs.org/taxonomy/2022-03-24/full_ifrs/full_ifrs-cor_2022-03-24.xsd#ifrs-full_AdjustmentsForImpairmentLossReversalOfImpairmentLossRecognisedInProfitOrLossPropertyPlantAndEquipment" xlink:label="ifrs-full_AdjustmentsForImpairmentLossReversalOfImpairmentLossRecognisedInProfitOrLossPropertyPlantAndEquipment" />
    <loc xlink:type="locator" xlink:href="https://xbrl.ifrs.org/taxonomy/2022-03-24/full_ifrs/full_ifrs-cor_2022-03-24.xsd#ifrs-full_AdjustmentsForGainsLossesOnChangeInFairValueOfDerivatives" xlink:label="ifrs-full_AdjustmentsForGainsLossesOnChangeInFairValueOfDerivatives" />
    <loc xlink:type="locator" xlink:href="abignitisgrupe-2023-12-31.xsd#abignitisgrupe_FairValueChangeOfFinancialInstruments" xlink:label="abignitisgrupe_FairValueChangeOfFinancialInstruments" />
    <loc xlink:type="locator" xlink:href="https://xbrl.ifrs.org/taxonomy/2022-03-24/full_ifrs/full_ifrs-cor_2022-03-24.xsd#ifrs-full_AdjustmentsForIncomeTaxExpense" xlink:label="ifrs-full_AdjustmentsForIncomeTaxExpense" />
    <loc xlink:type="locator" xlink:href="https://xbrl.ifrs.org/taxonomy/2022-03-24/full_ifrs/full_ifrs-cor_2022-03-24.xsd#ifrs-full_AdjustmentsForProvisions" xlink:label="ifrs-full_AdjustmentsForProvisions" />
    <loc xlink:type="locator" xlink:href="https://xbrl.ifrs.org/taxonomy/2022-03-24/full_ifrs/full_ifrs-cor_2022-03-24.xsd#ifrs-full_AdjustmentsForDecreaseIncreaseInInventories" xlink:label="ifrs-full_AdjustmentsForDecreaseIncreaseInInventories" />
    <loc xlink:type="locator" xlink:href="abignitisgrupe-2023-12-31.xsd#abignitisgrupe_LossGainOnDisposalWriteOffOfAssetsHeldForSaleAndPpe" xlink:label="abignitisgrupe_LossGainOnDisposalWriteOffOfAssetsHeldForSaleAndPpe" />
    <loc xlink:type="locator" xlink:href="https://xbrl.ifrs.org/taxonomy/2022-03-24/full_ifrs/full_ifrs-cor_2022-03-24.xsd#ifrs-full_AdjustmentsForInterestIncome" xlink:label="ifrs-full_AdjustmentsForInterestIncome" />
    <loc xlink:type="locator" xlink:href="https://xbrl.ifrs.org/taxonomy/2022-03-24/full_ifrs/full_ifrs-cor_2022-03-24.xsd#ifrs-full_AdjustmentsForInterestExpense" xlink:label="ifrs-full_AdjustmentsForInterestExpense" />
    <loc xlink:type="locator" xlink:href="abignitisgrupe-2023-12-31.xsd#abignitisgrupe_OtherExpensesOfFinancingActivities" xlink:label="abignitisgrupe_OtherExpensesOfFinancingActivities" />
    <loc xlink:type="locator" xlink:href="https://xbrl.ifrs.org/taxonomy/2022-03-24/full_ifrs/full_ifrs-cor_2022-03-24.xsd#ifrs-full_OtherAdjustmentsForNoncashItems" xlink:label="ifrs-full_OtherAdjustmentsForNoncashItems" />
    <loc xlink:type="locator" xlink:href="https://xbrl.ifrs.org/taxonomy/2022-03-24/full_ifrs/full_ifrs-cor_2022-03-24.xsd#ifrs-full_AdjustmentsForDecreaseIncreaseInTradeAndOtherReceivables" xlink:label="ifrs-full_AdjustmentsForDecreaseIncreaseInTradeAndOtherReceivables" />
    <loc xlink:type="locator" xlink:href="https://xbrl.ifrs.org/taxonomy/2022-03-24/full_ifrs/full_ifrs-cor_2022-03-24.xsd#ifrs-full_AdjustmentsForDecreaseIncreaseInOtherAssets" xlink:label="ifrs-full_AdjustmentsForDecreaseIncreaseInOtherAssets" />
    <loc xlink:type="locator" xlink:href="https://xbrl.ifrs.org/taxonomy/2022-03-24/full_ifrs/full_ifrs-cor_2022-03-24.xsd#ifrs-full_CashFlowsFromUsedInInvestingActivities" xlink:label="ifrs-full_CashFlowsFromUsedInInvestingActivities" />
    <loc xlink:type="locator" xlink:href="https://xbrl.ifrs.org/taxonomy/2022-03-24/full_ifrs/full_ifrs-cor_2022-03-24.xsd#ifrs-full_PurchaseOfPropertyPlantAndEquipmentIntangibleAssetsOtherThanGoodwillInvestmentPropertyAndOtherNoncurrentAssets" xlink:label="ifrs-full_PurchaseOfPropertyPlantAndEquipmentIntangibleAssetsOtherThanGoodwillInvestmentPropertyAndOtherNoncurrentAssets" />
    <loc xlink:type="locator" xlink:href="https://xbrl.ifrs.org/taxonomy/2022-03-24/full_ifrs/full_ifrs-cor_2022-03-24.xsd#ifrs-full_ProceedsFromDisposalsOfPropertyPlantAndEquipmentIntangibleAssetsOtherThanGoodwillInvestmentPropertyAndOtherNoncurrentAssets" xlink:label="ifrs-full_ProceedsFromDisposalsOfPropertyPlantAndEquipmentIntangibleAssetsOtherThanGoodwillInvestmentPropertyAndOtherNoncurrentAssets" />
    <loc xlink:type="locator" xlink:href="https://xbrl.ifrs.org/taxonomy/2022-03-24/full_ifrs/full_ifrs-cor_2022-03-24.xsd#ifrs-full_CashFlowsUsedInObtainingControlOfSubsidiariesOrOtherBusinessesClassifiedAsInvestingActivities" xlink:label="ifrs-full_CashFlowsUsedInObtainingControlOfSubsidiariesOrOtherBusinessesClassifiedAsInvestingActivities" />
    <loc xlink:type="locator" xlink:href="https://xbrl.ifrs.org/taxonomy/2022-03-24/full_ifrs/full_ifrs-cor_2022-03-24.xsd#ifrs-full_CashAdvancesAndLoansMadeToOtherPartiesClassifiedAsInvestingActivities" xlink:label="ifrs-full_CashAdvancesAndLoansMadeToOtherPartiesClassifiedAsInvestingActivities" />
    <loc xlink:type="locator" xlink:href="https://xbrl.ifrs.org/taxonomy/2022-03-24/full_ifrs/full_ifrs-cor_2022-03-24.xsd#ifrs-full_ProceedsFromGovernmentGrantsClassifiedAsInvestingActivities" xlink:label="ifrs-full_ProceedsFromGovernmentGrantsClassifiedAsInvestingActivities" />
    <loc xlink:type="locator" xlink:href="https://xbrl.ifrs.org/taxonomy/2022-03-24/full_ifrs/full_ifrs-cor_2022-03-24.xsd#ifrs-full_InterestReceivedClassifiedAsInvestingActivities" xlink:label="ifrs-full_InterestReceivedClassifiedAsInvestingActivities" />
    <loc xlink:type="locator" xlink:href="abignitisgrupe-2023-12-31.xsd#abignitisgrupe_FinanceLeasePaymentsReceived" xlink:label="abignitisgrupe_FinanceLeasePaymentsReceived" />
    <loc xlink:type="locator" xlink:href="https://xbrl.ifrs.org/taxonomy/2022-03-24/full_ifrs/full_ifrs-cor_2022-03-24.xsd#ifrs-full_CashFlowsFromUsedInDecreaseIncreaseInShorttermDepositsAndInvestments" xlink:label="ifrs-full_CashFlowsFromUsedInDecreaseIncreaseInShorttermDepositsAndInvestments" />
    <loc xlink:type="locator" xlink:href="abignitisgrupe-2023-12-31.xsd#abignitisgrupe_InvestmentsInInnovationFund" xlink:label="abignitisgrupe_InvestmentsInInnovationFund" />
    <loc xlink:type="locator" xlink:href="abignitisgrupe-2023-12-31.xsd#abignitisgrupe_OtherIncreasesDecreasesInCashFlowsFromInvestingActivities" xlink:label="abignitisgrupe_OtherIncreasesDecreasesInCashFlowsFromInvestingActivities" />
    <loc xlink:type="locator" xlink:href="https://xbrl.ifrs.org/taxonomy/2022-03-24/full_ifrs/full_ifrs-cor_2022-03-24.xsd#ifrs-full_CashFlowsFromUsedInFinancingActivities" xlink:label="ifrs-full_CashFlowsFromUsedInFinancingActivities" />
    <loc xlink:type="locator" xlink:href="https://xbrl.ifrs.org/taxonomy/2022-03-24/full_ifrs/full_ifrs-cor_2022-03-24.xsd#ifrs-full_PaymentsOfLeaseLiabilitiesClassifiedAsFinancingActivities" xlink:label="ifrs-full_PaymentsOfLeaseLiabilitiesClassifiedAsFinancingActivities" />
    <loc xlink:type="locator" xlink:href="https://xbrl.ifrs.org/taxonomy/2022-03-24/full_ifrs/full_ifrs-cor_2022-03-24.xsd#ifrs-full_InterestPaidClassifiedAsFinancingActivities" xlink:label="ifrs-full_InterestPaidClassifiedAsFinancingActivities" />
    <loc xlink:type="locator" xlink:href="https://xbrl.ifrs.org/taxonomy/2022-03-24/full_ifrs/full_ifrs-cor_2022-03-24.xsd#ifrs-full_DividendsPaidClassifiedAsFinancingActivities" xlink:label="ifrs-full_DividendsPaidClassifiedAsFinancingActivities" />
    <loc xlink:type="locator" xlink:href="https://xbrl.ifrs.org/taxonomy/2022-03-24/full_ifrs/full_ifrs-cor_2022-03-24.xsd#ifrs-full_DividendsPaidToNoncontrollingInterestsClassifiedAsFinancingActivities" xlink:label="ifrs-full_DividendsPaidToNoncontrollingInterestsClassifiedAsFinancingActivities" />
    <loc xlink:type="locator" xlink:href="https://xbrl.ifrs.org/taxonomy/2022-03-24/full_ifrs/full_ifrs-cor_2022-03-24.xsd#ifrs-full_ProceedsFromBorrowingsClassifiedAsFinancingActivities" xlink:label="ifrs-full_ProceedsFromBorrowingsClassifiedAsFinancingActivities" />
    <loc xlink:type="locator" xlink:href="https://xbrl.ifrs.org/taxonomy/2022-03-24/full_ifrs/full_ifrs-cor_2022-03-24.xsd#ifrs-full_RepaymentsOfBorrowingsClassifiedAsFinancingActivities" xlink:label="ifrs-full_RepaymentsOfBorrowingsClassifiedAsFinancingActivities" />
    <loc xlink:type="locator" xlink:href="abignitisgrupe-2023-12-31.xsd#abignitisgrupe_OverdraftsNetChange" xlink:label="abignitisgrupe_OverdraftsNetChange" />
    <loc xlink:type="locator" xlink:href="abignitisgrupe-2023-12-31.xsd#abignitisgrupe_DividendsReturned" xlink:label="abignitisgrupe_DividendsReturned" />
    <loc xlink:type="locator" xlink:href="https://xbrl.ifrs.org/taxonomy/2022-03-24/full_ifrs/full_ifrs-cor_2022-03-24.xsd#ifrs-full_PaymentsToAcquireOrRedeemEntitysShares" xlink:label="ifrs-full_PaymentsToAcquireOrRedeemEntitysShares" />
    <loc xlink:type="locator" xlink:href="https://xbrl.ifrs.org/taxonomy/2022-03-24/full_ifrs/full_ifrs-cor_2022-03-24.xsd#ifrs-full_OtherInflowsOutflowsOfCashClassifiedAsFinancingActivities" xlink:label="ifrs-full_OtherInflowsOutflowsOfCashClassifiedAsFinancingActivities" />
    <loc xlink:type="locator" xlink:href="https://xbrl.ifrs.org/taxonomy/2022-03-24/full_ifrs/full_ifrs-cor_2022-03-24.xsd#ifrs-full_IncreaseDecreaseInCashAndCashEquivalents" xlink:label="ifrs-full_IncreaseDecreaseInCashAndCashEquivalents" />
    <calculationArc xlink:type="arc" xlink:from="ifrs-full_CashFlowsFromUsedInOperatingActivities" xlink:to="ifrs-full_AdjustmentsForIncreaseDecreaseInOtherLiabilities" order="22" xlink:arcrole="http://www.xbrl.org/2003/arcrole/summation-item" priority="1" weight="1.0" />
    <calculationArc xlink:type="arc" xlink:from="ifrs-full_CashFlowsFromUsedInOperatingActivities" xlink:to="ifrs-full_IncomeTaxesPaidClassifiedAsOperatingActivities" order="23" xlink:arcrole="http://www.xbrl.org/2003/arcrole/summation-item" priority="1" weight="-1.0" />
    <calculationArc xlink:type="arc" xlink:from="ifrs-full_CashFlowsFromUsedInOperatingActivities" xlink:to="ifrs-full_ProfitLoss" order="2" xlink:arcrole="http://www.xbrl.org/2003/arcrole/summation-item" priority="1" weight="1.0" />
    <calculationArc xlink:type="arc" xlink:from="ifrs-full_CashFlowsFromUsedInOperatingActivities" xlink:to="ifrs-full_AdjustmentsForDepreciationAndAmortisationExpense" order="4" xlink:arcrole="http://www.xbrl.org/2003/arcrole/summation-item" priority="1" weight="1.0" />
    <calculationArc xlink:type="arc" xlink:from="ifrs-full_CashFlowsFromUsedInOperatingActivities" xlink:to="abignitisgrupe_DepreciationAndAmortisationOfGrants" order="5" xlink:arcrole="http://www.xbrl.org/2003/arcrole/summation-item" priority="1" weight="1.0" />
    <calculationArc xlink:type="arc" xlink:from="ifrs-full_CashFlowsFromUsedInOperatingActivities" xlink:to="ifrs-full_AdjustmentsForImpairmentLossReversalOfImpairmentLossRecognisedInProfitOrLossPropertyPlantAndEquipment" order="6" xlink:arcrole="http://www.xbrl.org/2003/arcrole/summation-item" priority="1" weight="1.0" />
    <calculationArc xlink:type="arc" xlink:from="ifrs-full_CashFlowsFromUsedInOperatingActivities" xlink:to="ifrs-full_AdjustmentsForGainsLossesOnChangeInFairValueOfDerivatives" order="7" xlink:arcrole="http://www.xbrl.org/2003/arcrole/summation-item" priority="1" weight="-1.0" />
    <calculationArc xlink:type="arc" xlink:from="ifrs-full_CashFlowsFromUsedInOperatingActivities" xlink:to="abignitisgrupe_FairValueChangeOfFinancialInstruments" order="8" xlink:arcrole="http://www.xbrl.org/2003/arcrole/summation-item" priority="1" weight="1.0" />
    <calculationArc xlink:type="arc" xlink:from="ifrs-full_CashFlowsFromUsedInOperatingActivities" xlink:to="ifrs-full_AdjustmentsForIncomeTaxExpense" order="9" xlink:arcrole="http://www.xbrl.org/2003/arcrole/summation-item" priority="1" weight="1.0" />
    <calculationArc xlink:type="arc" xlink:from="ifrs-full_CashFlowsFromUsedInOperatingActivities" xlink:to="ifrs-full_AdjustmentsForProvisions" order="10" xlink:arcrole="http://www.xbrl.org/2003/arcrole/summation-item" priority="1" weight="1.0" />
    <calculationArc xlink:type="arc" xlink:from="ifrs-full_CashFlowsFromUsedInOperatingActivities" xlink:to="ifrs-full_AdjustmentsForDecreaseIncreaseInInventories" order="11" xlink:arcrole="http://www.xbrl.org/2003/arcrole/summation-item" priority="1" weight="1.0" />
    <calculationArc xlink:type="arc" xlink:from="ifrs-full_CashFlowsFromUsedInOperatingActivities" xlink:to="abignitisgrupe_LossGainOnDisposalWriteOffOfAssetsHeldForSaleAndPpe" order="12" xlink:arcrole="http://www.xbrl.org/2003/arcrole/summation-item" priority="1" weight="1.0" />
    <calculationArc xlink:type="arc" xlink:from="ifrs-full_CashFlowsFromUsedInOperatingActivities" xlink:to="ifrs-full_AdjustmentsForInterestIncome" order="13" xlink:arcrole="http://www.xbrl.org/2003/arcrole/summation-item" priority="1" weight="-1.0" />
    <calculationArc xlink:type="arc" xlink:from="ifrs-full_CashFlowsFromUsedInOperatingActivities" xlink:to="ifrs-full_AdjustmentsForInterestExpense" order="14" xlink:arcrole="http://www.xbrl.org/2003/arcrole/summation-item" priority="1" weight="1.0" />
    <calculationArc xlink:type="arc" xlink:from="ifrs-full_CashFlowsFromUsedInOperatingActivities" xlink:to="abignitisgrupe_OtherExpensesOfFinancingActivities" order="15" xlink:arcrole="http://www.xbrl.org/2003/arcrole/summation-item" priority="1" weight="1.0" />
    <calculationArc xlink:type="arc" xlink:from="ifrs-full_CashFlowsFromUsedInOperatingActivities" xlink:to="ifrs-full_OtherAdjustmentsForNoncashItems" order="16" xlink:arcrole="http://www.xbrl.org/2003/arcrole/summation-item" priority="1" weight="1.0" />
    <calculationArc xlink:type="arc" xlink:from="ifrs-full_CashFlowsFromUsedInOperatingActivities" xlink:to="ifrs-full_AdjustmentsForDecreaseIncreaseInTradeAndOtherReceivables" order="18" xlink:arcrole="http://www.xbrl.org/2003/arcrole/summation-item" priority="1" weight="1.0" />
    <calculationArc xlink:type="arc" xlink:from="ifrs-full_CashFlowsFromUsedInOperatingActivities" xlink:to="ifrs-full_AdjustmentsForDecreaseIncreaseInOtherAssets" order="20" xlink:arcrole="http://www.xbrl.org/2003/arcrole/summation-item" priority="1" weight="1.0" />
    <calculationArc xlink:type="arc" xlink:from="ifrs-full_CashFlowsFromUsedInInvestingActivities" xlink:to="ifrs-full_PurchaseOfPropertyPlantAndEquipmentIntangibleAssetsOtherThanGoodwillInvestmentPropertyAndOtherNoncurrentAssets" order="25" xlink:arcrole="http://www.xbrl.org/2003/arcrole/summation-item" priority="1" weight="-1.0" />
    <calculationArc xlink:type="arc" xlink:from="ifrs-full_CashFlowsFromUsedInInvestingActivities" xlink:to="ifrs-full_ProceedsFromDisposalsOfPropertyPlantAndEquipmentIntangibleAssetsOtherThanGoodwillInvestmentPropertyAndOtherNoncurrentAssets" order="26" xlink:arcrole="http://www.xbrl.org/2003/arcrole/summation-item" priority="1" weight="1.0" />
    <calculationArc xlink:type="arc" xlink:from="ifrs-full_CashFlowsFromUsedInInvestingActivities" xlink:to="ifrs-full_CashFlowsUsedInObtainingControlOfSubsidiariesOrOtherBusinessesClassifiedAsInvestingActivities" order="27" xlink:arcrole="http://www.xbrl.org/2003/arcrole/summation-item" priority="1" weight="-1.0" />
    <calculationArc xlink:type="arc" xlink:from="ifrs-full_CashFlowsFromUsedInInvestingActivities" xlink:to="ifrs-full_CashAdvancesAndLoansMadeToOtherPartiesClassifiedAsInvestingActivities" order="28" xlink:arcrole="http://www.xbrl.org/2003/arcrole/summation-item" priority="1" weight="-1.0" />
    <calculationArc xlink:type="arc" xlink:from="ifrs-full_CashFlowsFromUsedInInvestingActivities" xlink:to="ifrs-full_ProceedsFromGovernmentGrantsClassifiedAsInvestingActivities" order="29" xlink:arcrole="http://www.xbrl.org/2003/arcrole/summation-item" priority="1" weight="1.0" />
    <calculationArc xlink:type="arc" xlink:from="ifrs-full_CashFlowsFromUsedInInvestingActivities" xlink:to="ifrs-full_InterestReceivedClassifiedAsInvestingActivities" order="30" xlink:arcrole="http://www.xbrl.org/2003/arcrole/summation-item" priority="1" weight="1.0" />
    <calculationArc xlink:type="arc" xlink:from="ifrs-full_CashFlowsFromUsedInInvestingActivities" xlink:to="abignitisgrupe_FinanceLeasePaymentsReceived" order="31" xlink:arcrole="http://www.xbrl.org/2003/arcrole/summation-item" priority="1" weight="1.0" />
    <calculationArc xlink:type="arc" xlink:from="ifrs-full_CashFlowsFromUsedInInvestingActivities" xlink:to="ifrs-full_CashFlowsFromUsedInDecreaseIncreaseInShorttermDepositsAndInvestments" order="32" xlink:arcrole="http://www.xbrl.org/2003/arcrole/summation-item" priority="1" weight="1.0" />
    <calculationArc xlink:type="arc" xlink:from="ifrs-full_CashFlowsFromUsedInInvestingActivities" xlink:to="abignitisgrupe_InvestmentsInInnovationFund" order="33" xlink:arcrole="http://www.xbrl.org/2003/arcrole/summation-item" priority="1" weight="1.0" />
    <calculationArc xlink:type="arc" xlink:from="ifrs-full_CashFlowsFromUsedInInvestingActivities" xlink:to="abignitisgrupe_OtherIncreasesDecreasesInCashFlowsFromInvestingActivities" order="34" xlink:arcrole="http://www.xbrl.org/2003/arcrole/summation-item" priority="1" weight="1.0" />
    <calculationArc xlink:type="arc" xlink:from="ifrs-full_CashFlowsFromUsedInFinancingActivities" xlink:to="ifrs-full_PaymentsOfLeaseLiabilitiesClassifiedAsFinancingActivities" order="5" xlink:arcrole="http://www.xbrl.org/2003/arcrole/summation-item" priority="1" weight="-1.0" />
    <calculationArc xlink:type="arc" xlink:from="ifrs-full_CashFlowsFromUsedInFinancingActivities" xlink:to="ifrs-full_InterestPaidClassifiedAsFinancingActivities" order="6" xlink:arcrole="http://www.xbrl.org/2003/arcrole/summation-item" priority="1" weight="-1.0" />
    <calculationArc xlink:type="arc" xlink:from="ifrs-full_CashFlowsFromUsedInFinancingActivities" xlink:to="ifrs-full_DividendsPaidClassifiedAsFinancingActivities" order="7" xlink:arcrole="http://www.xbrl.org/2003/arcrole/summation-item" priority="1" weight="-1.0" />
    <calculationArc xlink:type="arc" xlink:from="ifrs-full_CashFlowsFromUsedInFinancingActivities" xlink:to="ifrs-full_DividendsPaidToNoncontrollingInterestsClassifiedAsFinancingActivities" order="8" xlink:arcrole="http://www.xbrl.org/2003/arcrole/summation-item" priority="1" weight="-1.0" />
    <calculationArc xlink:type="arc" xlink:from="ifrs-full_CashFlowsFromUsedInFinancingActivities" xlink:to="ifrs-full_ProceedsFromBorrowingsClassifiedAsFinancingActivities" order="2" xlink:arcrole="http://www.xbrl.org/2003/arcrole/summation-item" priority="1" weight="1.0" />
    <calculationArc xlink:type="arc" xlink:from="ifrs-full_CashFlowsFromUsedInFinancingActivities" xlink:to="ifrs-full_RepaymentsOfBorrowingsClassifiedAsFinancingActivities" order="3" xlink:arcrole="http://www.xbrl.org/2003/arcrole/summation-item" priority="1" weight="-1.0" />
    <calculationArc xlink:type="arc" xlink:from="ifrs-full_CashFlowsFromUsedInFinancingActivities" xlink:to="abignitisgrupe_OverdraftsNetChange" order="4" xlink:arcrole="http://www.xbrl.org/2003/arcrole/summation-item" priority="1" weight="1.0" />
    <calculationArc xlink:type="arc" xlink:from="ifrs-full_CashFlowsFromUsedInFinancingActivities" xlink:to="abignitisgrupe_DividendsReturned" order="9" xlink:arcrole="http://www.xbrl.org/2003/arcrole/summation-item" priority="1" weight="1.0" />
    <calculationArc xlink:type="arc" xlink:from="ifrs-full_CashFlowsFromUsedInFinancingActivities" xlink:to="ifrs-full_PaymentsToAcquireOrRedeemEntitysShares" order="10" xlink:arcrole="http://www.xbrl.org/2003/arcrole/summation-item" priority="1" weight="-1.0" />
    <calculationArc xlink:type="arc" xlink:from="ifrs-full_CashFlowsFromUsedInFinancingActivities" xlink:to="ifrs-full_OtherInflowsOutflowsOfCashClassifiedAsFinancingActivities" order="11" xlink:arcrole="http://www.xbrl.org/2003/arcrole/summation-item" priority="1" weight="1.0" />
    <calculationArc xlink:type="arc" xlink:from="ifrs-full_IncreaseDecreaseInCashAndCashEquivalents" xlink:to="ifrs-full_CashFlowsFromUsedInFinancingActivities" order="12" xlink:arcrole="http://www.xbrl.org/2003/arcrole/summation-item" priority="1" weight="1.0" />
    <calculationArc xlink:type="arc" xlink:from="ifrs-full_IncreaseDecreaseInCashAndCashEquivalents" xlink:to="ifrs-full_CashFlowsFromUsedInInvestingActivities" order="35" xlink:arcrole="http://www.xbrl.org/2003/arcrole/summation-item" priority="1" weight="1.0" />
    <calculationArc xlink:type="arc" xlink:from="ifrs-full_IncreaseDecreaseInCashAndCashEquivalents" xlink:to="ifrs-full_CashFlowsFromUsedInOperatingActivities" order="24" xlink:arcrole="http://www.xbrl.org/2003/arcrole/summation-item" priority="1" weight="1.0" />
  </calculationLink>
</linkbase>